구분명,행사명,행사내용,장소명,담당부서명,행사시작일자,행사종료일자,데이터기준일자
행사,깊은 울림 황성옛터 공연티켓오픈,깊은 울림 황성옛터,시민회관 스타홀,문화예술과,2018-11-12,2018-12-01,2022-11-28
기타,새마을지도자 한마음 전진대회,의식행사,영천체육관,새마을체육과,2018-11-14,2018-11-14,2022-11-28
기타,새마을지도자 한마음 전진대회,지도자 표창,영천체육관,새마을체육과,2018-11-14,2018-11-14,2022-11-28
기타,새마을지도자 한마음 전진대회,단합행사,영천체육관,새마을체육과,2018-11-14,2018-11-14,2022-11-28
행사,제16회 경상북도지사기 공무원 탁구 대회 개최,공무원 탁구 대회 개회식,생활체육관,새마을체육과,2018-11-16,2018-11-17,2022-11-28
행사,제16회 경상북도지사기 공무원 탁구 대회 개최,공무원 탁구 대회 경기,영천실내체육관,새마을체육과,2018-11-16,2018-11-17,2022-11-28
행사,제3회영천시장기바둑대회,영천시장기 바둑대회,영천문화원 2층(대강당),새마을체육과,2018-11-17,2018-11-17,2022-11-28
기타,제11회영천시장기야구대회,클럽별 토너먼트경기 진행,영천야구장,새마을체육과,2018-11-04,2018-11-25,2022-11-28
행사,영천관광전국사진공모전,2017년 입상작품 35점 정도,최무선과학관,새마을체육과,2018-11-09,2018-11-18,2022-11-28
기타,책 먹는 여우 공연,명품 어린이 캐릭터 뮤지컬,시립도서관 지산홀,평생학습관,2018-11-18,2018-11-18,2022-11-28
기타,노인회부설 노인교실 특강,노인회부설 노인교실 특강,영천시종합복지센터 1층 강당,사회복지과,2018-11-16,2018-11-16,2022-11-28
기타,찾아가는 음악회,성악,야사종합복지관 내 경로당(1층),문화예술과,2018-11-15,2018-11-15,2022-11-28
기타,찾아가는 음악회,민요,야사종합복지관 내 경로당(2층),문화예술과,2018-11-15,2018-11-15,2022-11-28
기타,찾아가는 음악회,바이올린 공연,야사종합복지관 내 경로당(3층),문화예술과,2018-11-15,2018-11-15,2022-11-28
기타,줌마들의 브런치,한국문화예술회관연합회 우수공연(줌마들의 브런치),시민회관 스타홀,문화예술과,2018-11-24,2018-11-24,2022-11-28
기타,초람 서예학회전,초람 서예학회 작품 발표전,예술창작스튜디오 1전시실,문화예술과,2018-11-24,2018-11-30,2022-11-28
기타,초람 서예학회전,초람 서예학회 작품 발표전,예술창작스튜디오 2전시실,문화예술과,2018-11-24,2018-11-30,2022-11-28
행사,11월시민행복아카데미,매력적인 사람들의 소통과 공감력 키우기,교육문화센터 우석홀,평생학습관,2018-11-21,2018-11-21,2022-11-28
기타,영동고미술동문작품전,영동고등학교 미술동문 작품전,시민회관 로비,문화예술과,2018-11-21,2018-11-25,2022-11-28
행사,2018년 영천시 보육인의 밤,개회,교육문화센터 우석홀,가족행복과,2018-11-30,2018-11-30,2022-11-28
행사,2018년 영천시 보육인의 밤,시상,교육문화센터 우석홀,가족행복과,2018-11-30,2018-11-30,2022-11-28
행사,2018년 영천시 보육인의 밤,불우이웃돕기 성금전달,교육문화센터 우석홀,가족행복과,2018-11-30,2018-11-30,2022-11-28
행사,2018년 영천시 보육인의 밤,축하공연,교육문화센터 우석홀,가족행복과,2018-11-30,2018-11-30,2022-11-28
행사,2018년 영천시 보육인의 밤,행운권 추첨 ,교육문화센터 우석홀,가족행복과,2018-11-30,2018-11-30,2022-11-28
기타,깊은 울림 황성옛터,공연장상주단체육성지원사업,시민회관 스타홀,문화예술과,2018-12-01,2018-12-01,2022-11-28
행사,크리스마스트리 문화축제 점등식,트리점등예배,영천시민회관 및 광장,문화예술과,2018-12-02,2018-12-02,2022-11-28
행사,크리스마스트리 문화축제 점등식,내빈소개,영천시민회관 및 광장,문화예술과,2018-12-02,2018-12-02,2022-11-28
행사,크리스마스트리 문화축제 점등식,축하공연,영천시민회관 및 광장,문화예술과,2018-12-02,2018-12-02,2022-11-28
행사,크리스마스트리 문화축제 점등식,개막,영천시민회관 및 광장,문화예술과,2018-12-02,2018-12-02,2022-11-28
행사,크리스마스트리 문화축제 점등식,축사,영천시민회관 및 광장,문화예술과,2018-12-02,2018-12-02,2022-11-28
행사,크리스마스트리 문화축제 점등식,점등식,영천시민회관 및 광장,문화예술과,2018-12-02,2018-12-02,2022-11-28
기타,노년기 치매 예방 특강,노년기 치매 예방,영천시종합복지센터 1층 강당,사회복지과,2018-11-27,2018-11-27,2022-11-28
행사,노인(지도자)대학 졸업식,식전 공연,교육문화센터 우석홀,사회복지과,2018-11-30,2018-11-30,2022-11-28
행사,노인(지도자)대학 졸업식,기념식,교육문화센터 우석홀,사회복지과,2018-11-30,2018-11-30,2022-11-28
행사,노인(지도자)대학 졸업식,졸업증서수여,교육문화센터 우석홀,사회복지과,2018-11-30,2018-11-30,2022-11-28
행사,노인(지도자)대학 졸업식,축사,교육문화센터 우석홀,사회복지과,2018-11-30,2018-11-30,2022-11-28
행사,예술창작 제10기 릴레이전 Part4,예술창작,영천예술창작스튜디오,문화예술과,2018-12-03,2018-12-09,2022-11-28
행사,이름나는 새 명소 표지판 만들기 품앗이 프로그램,전문가 시범과 주민교육을 통해 표지간판 제작 설치+제작과정 및 설치 현장 촬영,목재문화체험장,산림과,2018-12-03,2018-12-05,2022-11-28
행사,고3 청소년 꿈 토크 콘서트,꿈 토크 콘서트,시민회관 스타홀,새마을체육과,2018-12-06,2018-12-06,2022-11-28
행사,고3 청소년 꿈 토크 콘서트,어울림마당 ,시민회관 스타홀,새마을체육과,2018-12-06,2018-12-06,2022-11-28
행사,(사)영천아리랑연구보존회 노인복지센터 공연,위문,예쁜재가노인복지센터,문화예술과,2018-12-07,2018-12-07,2022-11-28
행사,(사)영천아리랑연구보존회 노인복지센터 공연,영천아리랑 공연,예쁜재가노인복지센터,문화예술과,2018-12-07,2018-12-07,2022-11-28
행사,중소기업융합영천교류회 회장 이. 취임식 및 송년의밤,회장 이. 취임식,스타컨벤션웨딩 2층 스타홀,기업유치과,2018-12-07,2018-12-07,2022-11-28
행사,중소기업융합영천교류회 회장 이. 취임식 및 송년의밤,장학금,스타컨벤션웨딩 2층 스타홀,기업유치과,2018-12-07,2018-12-07,2022-11-28
행사,중소기업융합영천교류회 회장 이. 취임식 및 송년의밤,이웃돕기성금 전달,스타컨벤션웨딩 2층 스타홀,기업유치과,2018-12-07,2018-12-07,2022-11-28
행사,영천 전통시장 시티투어,주요 관광지 관람,영천공설시장 및 주요 관광지,관광진흥과,2018-12-08,2018-12-08,2022-11-28
행사,영천 전통시장 시티투어,전통엿 만들기 체험,영천공설시장 및 주요 관광지,관광진흥과,2018-12-08,2018-12-08,2022-11-28
행사,영천 전통시장 시티투어,영천 전통시장 장보기 체험,영천공설시장 및 주요 관광지,관광진흥과,2018-12-08,2018-12-08,2022-11-28
행사,영천 전통시장 시티투어,이벤트,영천공설시장 및 주요 관광지,관광진흥과,2018-12-08,2018-12-08,2022-11-28
축제,최무선과학관 12월 과학체험 프로그램 과학아!놀자! 운영,나만의 칼레이도사이클 만들기,최무선과학관 창의과학체험실,문화예술과,2018-12-08,2018-12-09,2022-11-28
축제,최무선과학관 12월 과학체험 프로그램 과학아!놀자! 운영,3D펜을 이용한 나만의 장난감 만들기,최무선과학관 창의과학체험실,문화예술과,2018-12-08,2018-12-09,2022-11-28
행사,악극 공연,악극 「이수일과 심순애」공연,시민회관 스타홀,문화예술과,2018-12-08,2018-12-08,2022-11-28
축제,제18회 경상북도 교육감기 초등학교 수영대회 개최,초등학교 수영대회,영천실내수영장,체육지원과,2018-12-03,2018-12-03,2022-11-28
행사,CJ헬로비전 방송모금 캠페인,CJ헬로비전 방송모금,시민회관 전정,복지정책과,2018-12-03,2018-12-03,2022-11-28
기타,2019년 장애인일자리사업,행정도우미,장애인복지담당,복지정책과,2018-11-28,2018-12-11,2022-11-28
기타,2019년 장애인일자리사업,사회복지시설,장애인복지담당,복지정책과,2018-11-28,2018-12-11,2022-11-28
기타,2019년 장애인일자리사업,단체 업무지원,장애인복지담당,복지정책과,2018-11-28,2018-12-11,2022-11-28
행사,2018 전국 영어한마당축제,초등영어스피치,영천시 교육문화센터,인구교육과,2018-12-15,2018-12-15,2022-11-28
행사,2018 전국 영어한마당축제,영어동화구연,영천시 교육문화센터,인구교육과,2018-12-15,2018-12-15,2022-11-28
행사,2018 전국 영어한마당축제,중등 영어스피치,영천시 교육문화센터,인구교육과,2018-12-15,2018-12-15,2022-11-28
행사,2018 전국 영어한마당축제,K-P0P 영어가요제,영천시 교육문화센터,인구교육과,2018-12-15,2018-12-15,2022-11-28
기타,아름어린이집 어린이 재롱발표,아름어린이집 어린이 재롱발표,청소년극장,체육시설사업소,2018-12-14,2018-12-14,2022-11-28
기타,영천경마공원』설계 반영 아이디어 공모 기간 연장 안내,영천경마공원 설계 반영 아이디어,경마공원추진담당,정책기획실,2018-12-14,2018-12-14,2022-11-28
기타,2018년 장애인종합복지관 자원봉사자후원자감사의 날 행사,기념식,장애인종합복지관 3층 강당,사회복지과,2018-12-14,2018-12-14,2022-11-28
기타,2018년 장애인종합복지관 자원봉사자후원자감사의 날 행사,문화공연,장애인종합복지관 4층 강당,사회복지과,2018-12-14,2018-12-14,2022-11-28
기타,인재양성원생 선발 접수,인재양성원생 선발,인재양성담당,평생학습관,2018-12-03,2018-12-14,2022-11-28
행사,시민강연-병와 이형상의 삶과 작품,"병와 이형상 선생의 삶과 저술, 지역",임고서원충효문화수련원(포은연수관),문화예술과,2018-12-11,2018-12-11,2022-11-28
행사,시민강연-병와 이형상의 삶과 작품,사회에 미친 영향 등 시민 강연회,임고서원충효문화수련원(포은연수관),문화예술과,2018-12-11,2018-12-11,2022-11-28
행사,임고서원 충효문화수련원경북선비아카데미 과정 수료식,경북선비아카데미,포은연수관 대강당,문화예술과 ,2018-12-13,2018-12-13,2022-11-28
행사,임고서원 충효문화수련원경북선비아카데미 과정 수료식,연중과정 수료식,포은연수관 대강당,문화예술과,2018-12-13,2018-12-13,2022-11-28
행사,명사초청특강 및 문화가족 한마당,명사초청특강,시민회관,문화예술과,2018-12-17,2018-12-17,2022-11-28
행사,명사초청특강 및 문화가족 한마당,문화원 동아리 공연,시민회관,문화예술과,2018-12-17,2018-12-17,2022-11-28
행사,불우이웃과 함께하는 자선콘서트,하모니카 연주,교육문화센터 우석홀,평생학습관,2018-12-18,2018-12-18,2022-11-28
행사,불우이웃과 함께하는 자선콘서트,밴드 공연,교육문화센터 우석홀,평생학습관,2018-12-18,2018-12-18,2022-11-28
행사,불우이웃과 함께하는 자선콘서트,색소폰 연주 ,교육문화센터 우석홀,평생학습관,2018-12-18,2018-12-18,2022-11-28
행사,동서청춘대학 한마음 발표회,동서청춘대학 교육과정 발표회,영천시 교육문회회관 우석홀,사회복지과,2018-12-19,2018-12-19,2022-11-28
축제,크리스마스 콘서트(도서관),크리스마스 콘서트,도서관 지산홀,평생학습관,2018-12-19,2018-12-19,2022-11-28
행사,다문화가족 희망이들과 함께하는 크리스마스 행사,가족영화 시청,영천별빛영화관,가족행복과,2018-12-19,2018-12-19,2022-11-28
기타,남북이 함께 열어가는 통일한마당,농산품 및 장학금 전달,스타컨벤션 3층,총무과,2018-12-20,2018-12-20,2022-11-28
기타,남북이 함께 열어가는 통일한마당,남·북 토박이말 퀴즈,스타컨벤션 4층,총무과,2018-12-20,2018-12-20,2022-11-28
기타,남북이 함께 열어가는 통일한마당,탈북민 공연,스타컨벤션 5층,총무과,2018-12-20,2018-12-20,2022-11-28
행사,제로페이 서포터즈 찾아가는교육,제로페이 신청자 현장접수,영천공설시장 청년회사무실(2층),일자리노사과,2019-01-10,2019-01-10,2022-11-28
기타,맞춤형 취업능력향상 교육프로그램 실시,자활사업의 이해 ,영천지역자활센터 1층 교육장,사회복지과,2019-01-10,2019-01-10,2022-11-28
행사,가정용 가스보일러 합동 안전점검 실시,안전점검 실시,소회의실,일자리노사과,2019-01-10,2019-01-31,2022-11-28
행사,가정용 가스보일러 합동 안전점검 실시,부적합시설 즉시 개선조치,소회의실,일자리노사과,2019-01-10,2019-01-31,2022-11-28
행사,가정용 가스보일러 합동 안전점검 실시,가스보일러 배관내 사고예방 스티커 부착,소회의실,일자리노사과,2019-01-10,2019-01-31,2022-11-28
행사,농촌지도자회 정기총회,2018년도 경과 및 감사보고,농업기술센터 생활과학관,농촌지도과,2019-01-11,2019-01-11,2022-11-28
행사,농촌지도자회 정기총회,2019년 사업계획 보고 등,농업기술센터 생활과학관,농촌지도과,2019-01-11,2019-01-11,2022-11-28
기타,시민회관 시민문화교실 개강(민요반),시민문화교실,시민회관(리허설실),문화예술과,2019-01-15,2019-01-15,2022-11-28
기타,도서관에서 하룻밤,도서관탐험,시립도서관,평생학습관,2019-01-18,2019-01-18,2022-11-28
기타,도서관에서 하룻밤,게임,시립도서관,평생학습관,2019-01-18,2019-01-18,2022-11-28
기타,도서관에서 하룻밤,자유독서 등,시립도서관,평생학습관,2019-01-18,2019-01-18,2022-11-28
기타,겨울방학 영화상영,영화상영 (넛잡2),시립도서관 내,평생학습관,2019-01-19,2019-01-19,2022-11-28
기타,시민,방송댄스 공연,시민회관,문화예술과,2019-01-19,2019-01-19,2022-11-28
기타,청소년 어울림 마당,방송댄스 공연,시민회관,문화예술과,2019-01-19,2019-01-19,2022-11-28
기타,M댄스 아카데미,방송댄스 공연,시민회관,문화예술과,2019-01-19,2019-01-19,2022-11-28
기타,시민,발표회,시민회관,문화예술과,2019-01-19,2019-01-19,2022-11-28
기타,청소년 어울림 마당,발표회,시민회관,문화예술과,2019-01-19,2019-01-19,2022-11-28
기타,M댄스 아카데미,발표회,시민회관,문화예술과,2019-01-19,2019-01-19,2022-11-28
기타,여성 신년 인사회 개최,개회식,스타컨벤션웨딩 지하,사회복지과,2019-01-22,2019-01-22,2022-11-28
기타,여성 신년 인사회 개최,신년인사,스타컨벤션웨딩 지하,사회복지과,2019-01-22,2019-01-22,2022-11-28
기타,여성 신년 인사회 개최,장학금,스타컨벤션웨딩 지하,사회복지과,2019-01-22,2019-01-22,2022-11-28
기타,여성 신년 인사회 개최,불우이웃돕기성금 기탁,스타컨벤션웨딩 지하,사회복지과,2019-01-22,2019-01-22,2022-11-28
기타,여성 신년 인사회 개최,축가,스타컨벤션웨딩 지하,사회복지과,2019-01-22,2019-01-22,2022-11-28
기타,여성 신년 인사회 개최,신년축하 떡커팅,스타컨벤션웨딩 지하,사회복지과,2019-01-22,2019-01-22,2022-11-28
기타,여성 신년 인사회 개최,오찬,스타컨벤션웨딩 지하,사회복지과,2019-01-22,2019-01-22,2022-11-28
기타,자원봉사센터 정기총회 및 이사회,2019 사업 및 예산계획 승인 ,다나눔센터1층 회의실(영천고2길 57),새마을체육과,2019-01-22,2019-01-22,2022-11-28
기타,명작동화 클래식 음악회,유아 대상 명작동화 클래식 음악회,시민회관 스타홀,문화예술과,2019-01-23,2019-01-23,2022-11-28
기타,영천아리랑 연구보존회 경로당 순회공연,경로당 순회공연,화남노인복지센터,문화예술과,2019-01-21,2019-01-21,2022-11-28
기타,영천아리랑 연구보존회 경로당 순회공연,경로당 순회공연,금호읍 양남리 경로당,문화예술과,2019-01-23,2019-01-23,2022-11-28
기타,영천아리랑 연구보존회 경로당 순회공연,경로당 순회공연,구암리 경로당,문화예술과,2019-01-23,2019-01-23,2022-11-28
행사,장애인인식개선 교육 및 후원회 발대식,장애인인식개선 교육,스타컨벤션웨딩 3층,사회복지과,2019-01-25,2019-01-25,2022-11-28
행사,장애인인식개선 교육 및 후원회 발대식,후원회 발대식,스타컨벤션웨딩 3층,사회복지과,2019-01-25,2019-01-25,2022-11-28
기타,재향군인회 정기총회,영천시 재향군인회 정기총회,향군회관 대회의실(지하),복지정책과,2019-01-25,2019-01-25,2022-11-28
기타,영화상영 <보스베이비>,영화상영 <보스베이비>,지산홀,평생학습관,2019-01-26,2019-01-26,2022-11-28
행사,농업기술자협회 교육 및 총회,총회 및 교양 교육,농업인회관 2층 교육장,농촌지도과,2019-01-28,2019-01-28,2022-11-28
행사,2019 나눔의 파발마 발대식,파발마 기 전달 및 발대식,대회의실(시청별관 3층),새마을체육과,2019-01-29,2019-01-29,2022-11-28
행사,시니어클럽 영천로타리클럽간MOU,시니어클럽 카페사업 업무협약,시청 영상회의실,사회복지과,2019-01-29,2019-01-29,2022-11-28
기타,영천관광 사진공모전 입상작품 전시,영천관광 전국사진공모전 입상작(30점 정도),영천역 대합실,관광진흥과,2019-01-29,2019-02-08,2022-11-28
행사,2019년 초등 학생 해외 어학연수 수료식,수료증 전달,시립도서관 지산홀,인구교육과,2019-01-30,2019-01-30,2022-11-28
행사,2019년 초등 학생 해외 어학연수 수료식,우수학생 시상,시립도서관 지산홀,인구교육과,2019-01-30,2019-01-30,2022-11-28
행사,2019년 초등 학생 해외 어학연수 수료식,총평,시립도서관 지산홀,인구교육과,2019-01-30,2019-01-30,2022-11-28
행사,2019년 초등 학생 해외 어학연수 수료식,기념촬영,시립도서관 지산홀,인구교육과,2019-01-30,2019-01-30,2022-11-28
행사,2019년 중학생 해외 어학연수 수료식,수료증 전달,시립도서관 지산홀,인구교육과,2019-01-30,2019-01-30,2022-11-28
행사,2019년 중학생 해외 어학연수 수료식,우수학생 시상,시립도서관 지산홀,인구교육과,2019-01-30,2019-01-30,2022-11-28
행사,2019년 중학생 해외 어학연수 수료식,총평,시립도서관 지산홀,인구교육과,2019-01-30,2019-01-30,2022-11-28
행사,2019년 중학생 해외 어학연수 수료식,기념촬영,시립도서관 지산홀,인구교육과,2019-01-30,2019-01-30,2022-11-28
행사,2019 영천시체육회 이사회,2018년 세입세출 및 사업결산,대회의실(시청별관 3층),새마을체육과,2019-01-31,2019-01-31,2022-11-28
행사,2019 영천시체육회 이사회,2019년 세입세출 및 사업계획,대회의실(시청별관 3층),새마을체육과,2019-01-31,2019-01-31,2022-11-28
행사,2019 영천시체육회 이사회,영천시체육회 이사회 부회장 정수 증원,대회의실(시청별관 3층),새마을체육과,2019-01-31,2019-01-31,2022-11-28
행사,2019 영천시체육회 이사회,영천시체육회 스포츠공정위원회 규정개정,대회의실(시청별관 3층),새마을체육과,2019-01-31,2019-01-31,2022-11-28
행사,2019 영천시체육회 이사회,궁도협회 관리방안 결정,대회의실(시청별관 3층),새마을체육과,2019-01-31,2019-01-31,2022-11-28
행사,영천농부장터2019설맞이 이벤트 행사,한방차 시음,영천휴게소(상행선) 영천농부장터,과수한방과,2019-02-01,2019-02-01,2022-11-28
행사,영천농부장터2019설맞이 이벤트 행사,한방가공제품 홍보 행사,영천휴게소(상행선) 영천농부장터,과수한방과,2019-02-01,2019-02-01,2022-11-28
행사,영천농부장터2019설맞이 이벤트 행사,3만원이상 구매고객 사과 2kg 증정행사,영천휴게소(상행선) 영천농부장터,과수한방과,2019-02-01,2019-02-01,2022-11-28
기타,「PMC:더벙커」영화상영,영화상영(PMC:더벙커),시민회관 스타홀,문화예술과,2019-02-01,2019-02-02,2022-11-28
행사,우리음식연구회 연시총회,2019년 활동계획 수립 및 규약심의,농업인회관 2층 세미나실,농촌지도과,2019-02-07,2019-02-07,2022-11-28
행사,우리음식연구회 연시총회,연구회 활성화 방안 토의 및 화합행사,농업인회관 2층 세미나실,농촌지도과,2019-02-07,2019-02-07,2022-11-28
기타,맞춤형 취업능력향상 교육프로그램 실시,자활사업의 이해,영천지역자활센터 1층 교육장,사회복지과,2019-02-07,2019-02-07,2022-11-28
기타,맞춤형 취업능력향상 교육프로그램 실시,인생목표와 미래,영천지역자활센터 1층 교육장,사회복지과,2019-02-07,2019-02-07,2022-11-28
기타,맞춤형 취업능력향상 교육프로그램 실시,돈 관리의 필요성,영천지역자활센터 1층 교육장,사회복지과,2019-02-07,2019-02-07,2022-11-28
기타,맞춤형 취업능력향상 교육프로그램 실시,공적채무조정,영천지역자활센터 1층 교육장,사회복지과,2019-02-07,2019-02-07,2022-11-28
기타,주·정차 문자 알림서비스 실시,단속시 신청자에게 문자로 차량 이동 요청,고정형 CCTV 단속지역,사회복지과,2019-02-07,2019-02-07,2022-11-28
행사,한국자유총연맹 여성회 후원 윷놀이 대회,장애인종합복지관 이용고객 윷놀이 대회,영천시장애인종합복지관 3층 대강당,사회복지과,2019-02-08,2019-02-08,2022-11-28
행사,한국자유총연맹 여성회 후원 윷놀이 대회,다과 및 기념품 제공,영천시장애인종합복지관 3층 대강당,사회복지과,2019-02-08,2019-02-08,2022-11-28
기타,「아쿠아맨」영화상영,영화상영(아쿠아맨),시민회관 스타홀,문화예술과,2019-02-08,2019-02-09,2022-11-28
행사,자치경찰제 정책토론회,자치경찰제도 관련 주제발표 및 토론,상공회의소,정책기획실,2019-02-11,2019-02-11,2022-11-28
행사,영천시니어클럽 개소식,영천시니어클럽 개소식,영천시니어클럽,사회복지과,2019-02-12,2019-02-12,2022-11-28
행사,농민회 영천시연합회 연시총회 및 이·취임식,2018년도 결산,농업기술센터 3층 생활과학관,농업정책과,2019-02-12,2019-02-12,2022-11-28
행사,농민회 영천시연합회 연시총회 및 이·취임식,2019년 사업계획,농업기술센터 3층 생활과학관,농업정책과,2019-02-12,2019-02-12,2022-11-28
행사,농민회 영천시연합회 연시총회 및 이·취임식,신구임원 이·취임식,농업기술센터 3층 생활과학관,농업정책과,2019-02-12,2019-02-12,2022-11-28
행사,화산면 부계리 마을회관 준공식,공식행사(준공식),화산면 부계리 206,새마을체육과,2019-02-13,2019-02-13,2022-11-28
행사,화산면 부계리 마을회관 준공식,주민위안잔치,화산면 부계리 206,새마을체육과,2019-02-13,2019-02-13,2022-11-28
행사,6.25참전유공자회 정기총회,유공자 표창,SD컨벤션웨딩홀 2층,복지정책과,2019-02-15,2019-02-15,2022-11-28
행사,6.25참전유공자회 정기총회,주민위안잔치,SD컨벤션웨딩홀 2층,복지정책과,2019-02-15,2019-02-15,2022-11-28
기타,아이돌보미 양성과정교육 운영,기본소양교육,교육문화센터 강의실,평생학습관,2019-02-15,2019-02-28,2022-11-28
기타,아이돌보미 양성과정교육 운영,아동발달 단계별 아이돌보미서비스교육,교육문화센터 강의실,평생학습관,2019-02-15,2019-02-28,2022-11-28
행사,이만희 국회의원 의정보고회,이만희 국회의원 의정보고 ,시민회관 스타홀,문화예술과,2019-02-16,2019-02-16,2022-11-28
행사,다문화가족 한국어교육 및 방문교육 오리엔테이션,19년도 교육사업 오리엔테이션,다문화센터 강의실,가족행복과,2019-02-18,2019-02-18,2022-11-28
행사,영천시친환경농업인연합회 총회,감사패 전달 및 시상,영천시 농업기술센터 3층 생활과학관,농업정책과,2019-02-19,2019-02-19,2022-11-28
행사,영천시친환경농업인연합회 총회,안건심의,영천시 농업기술센터 3층 생활과학관,농업정책과,2019-02-19,2019-02-19,2022-11-28
행사,영천시친환경농업인연합회 총회,감사보고,영천시 농업기술센터 3층 생활과학관,농업정책과,2019-02-19,2019-02-19,2022-11-28
행사,영천시친환경농업인연합회 총회,결산보고 및 승인,영천시 농업기술센터 3층 생활과학관,농업정책과,2019-02-19,2019-02-19,2022-11-28
행사,영천스타라이온스클럽 무료급식 지원,무료급식 실시,영천시장애인종합복지관 1층 식당,사회복지과,2019-02-20,2019-02-20,2022-11-28
행사,영천스타라이온스클럽 무료급식 지원,배식봉사,영천시장애인종합복지관 1층 식당,사회복지과,2019-02-20,2019-02-20,2022-11-28
행사,영천인재양성원 2019년 개강식,개강사 및 축사,영천시립도서관 1층 지산홀,인구교육과,2019-02-20,2019-02-20,2022-11-28
행사,영천인재양성원 2019년 개강식,오리엔테이션,영천시립도서관 1층 지산홀,인구교육과,2019-02-20,2019-02-20,2022-11-28
행사,시문학 특강 개최,시문학 특강,교육문화센터 회의실,평생교육과,2019-02-20,2019-02-20,2022-11-28
행사,영농 4-H회 정기총회 및 회장 이취임식,2018년 결산,와인학교 2층,농촌지도과,2019-02-21,2019-02-21,2022-11-28
행사,영농 4-H회 정기총회 및 회장 이취임식,2019년 사업계획,와인학교 2층,농촌지도과,2019-02-21,2019-02-21,2022-11-28
행사,영농 4-H회 정기총회 및 회장 이취임식,60대 임원 이임,와인학교 2층,농촌지도과,2019-02-21,2019-02-21,2022-11-28
행사,영농 4-H회 정기총회 및 회장 이취임식,61대 임원 취임식,와인학교 2층,농촌지도과,2019-02-21,2019-02-21,2022-11-28
행사,월남참전유공자회 정기총회,제26차 정기총회,스타컨벤션웨딩 3층,복지정책과,2019-02-22,2019-02-22,2022-11-28
행사,월남참전유공자회 정기총회,FFVD촉구대회,스타컨벤션웨딩 3층,복지정책과,2019-02-22,2019-02-22,2022-11-28
행사,월남참전유공자회 정기총회,화합행사,스타컨벤션웨딩 3층,복지정책과,2019-02-22,2019-02-22,2022-11-28
행사,박약회 영천지회 총회,결산보고,영천향교 국학학원,문화예술과,2019-02-25,2019-02-25,2022-11-28
행사,박약회 영천지회 총회,명사 초청 특강,영천향교 국학학원,문화예술과,2019-02-25,2019-02-25,2022-11-28
기타,고품질 마늘재배기술 컨설팅 교육,대서마늘 생육재생기 이후 관리요령,금호농협 청통지점 회의실,기술지원과,2019-02-25,2019-02-25,2022-11-28
기타,고품질 마늘재배기술 컨설팅 교육,깐마늘 상품성 향상을 위한 수확 및 건조기술,금호농협 청통지점 회의실,기술지원과,2019-02-25,2019-02-25,2022-11-28
행사,2019년 자연유산 민속행사,마을수호와 방풍,화북면 자천리 오리장림,문화예술과,2019-02-26,2019-02-26,2022-11-28
행사,2019년 자연유산 민속행사,제방보호,화북면 자천리 오리장림,문화예술과,2019-02-26,2019-02-26,2022-11-28
행사,2019년 자연유산 민속행사,홍수 방지 기원제,화북면 자천리 오리장림,문화예술과,2019-02-26,2019-02-26,2022-11-28
행사,새영천 알림이단 발대식,위촉장 수여,시청 영상회의실,홍보전산실,2019-02-26,2019-02-26,2022-11-28
행사,새영천 알림이단 발대식,SNS 서포터즈 운영 안내,시청 영상회의실,홍보전산실,2019-02-26,2019-02-26,2022-11-28
행사,제51차 영천문화원 정기총회,개회식,영천문화원 대강당,문화예술과,2019-02-27,2019-02-27,2022-11-28
행사,제51차 영천문화원 정기총회,2018년도 감사보고,영천문화원 대강당,문화예술과,2019-02-27,2019-02-27,2022-11-28
행사,제51차 영천문화원 정기총회,의안 심의,영천문화원 대강당,문화예술과,2019-02-27,2019-02-27,2022-11-28
행사,포은선생숭모사업회 정기총회 개최,2018년도 사업실적 및감사보고,임고서원 포은연수관 대강당,문화예술과,2019-02-28,2019-02-28,2022-11-28
행사,포은선생숭모사업회 정기총회 개최,2019년도 사업계획 보고,임고서원 포은연수관 대강당,문화예술과,2019-02-28,2019-02-28,2022-11-28
행사,포은선생숭모사업회 정기총회 개최,의안심의,임고서원 포은연수관 대강당,문화예술과,2019-02-28,2019-02-28,2022-11-28
행사,포은선생숭모사업회 정기총회 개최,정관개정,임고서원 포은연수관 대강당,문화예술과,2019-02-28,2019-02-28,2022-11-28
행사,포은선생숭모사업회 정기총회 개최,수련원 운영 규정 개정,임고서원 포은연수관 대강당,문화예술과,2019-02-28,2019-02-28,2022-11-28
행사,제100주년 3·1절 기념행사,3·1절 기념행사,시민회관,총무과,2019-03-01,2019-03-01,2022-11-28
행사,『영천의 독립운동사 100주년 기념 특별기획 전시』,독립군관련 사진자료 70점 및 유물 30점 전시,시민회관 1층,문화예술과,2019-03-01,2019-03-07,2022-11-28
행사,『영천의 독립운동사 100주년 기념 특별기획 전시』,독립군관련 사진자료 70점 및 유물 30점 전시,시민회관 2층,문화예술과,2019-03-01,2019-03-07,2022-11-28
기타,아트앤하트 행복전,"아동미술 전시(재능기부, 작품 100점)",영천예술창작스튜디오 1 전시실,문화예술과,2019-03-01,2019-03-03,2022-11-28
기타,아트앤하트 행복전,"아동미술 전시(재능기부, 작품 100점)",영천예술창작스튜디오 2 전시실,문화예술과,2019-03-01,2019-03-03,2022-11-28
기타,청소년방과후아카데미 개소,취약계층 청소년 방과후 돌봄,청소년문화의집 2층,가족행복과,2019-03-04,2019-03-04,2022-11-28
행사,영천시 행정동우회 2019년 정기총회,세입세출 예·결산안 심의의결,영천시보건소 대강당(건강교육관 3층),총무과,2019-03-05,2019-03-05,2022-11-28
행사,영천시 행정동우회 2019년 정기총회,현안사항 토의 등,영천시보건소 대강당(건강교육관 3층),총무과,2019-03-05,2019-03-05,2022-11-28
행사,영천시장애인회관 준공식,준공식,천문로 210-7 (구 남부동주민센터),사회복지과,2019-03-05,2019-03-05,2022-11-28
행사,영천시자연보호협의회 3월 정례회,위촉장 및 감사패 전달 ,다나눔센터 2층 자연보호 사무실,새마을체육과,2019-03-06,2019-03-06,2022-11-28
행사,영천시지역사회보장 협의체 정기 총회,위원 위촉,시청 대회의실,복지정책과,2019-03-07,2019-03-07,2022-11-28
행사,영천시지역사회보장 협의체 정기 총회,2018년 사업결산보고,시청 대회의실,복지정책과,2019-03-07,2019-03-07,2022-11-28
행사,영천시지역사회보장 협의체 정기 총회,2019년 사업방안 논의,시청 대회의실,복지정책과,2019-03-07,2019-03-07,2022-11-28
행사,노인대학 입학식,2019년 노인대학 입학식,교육문화센터 우석홀,사회복지과,2019-03-08,2019-03-08,2022-11-28
행사,말모이 영화상영,영화상영(말모이),시민회관 스타홀,문화예술과,2019-03-08,2019-03-09,2022-11-28
행사,제19회 클럽대항 볼링대회,개인전,효성볼링장,새마을체육과,2019-03-09,2019-03-10,2022-11-28
행사,제19회 클럽대항 볼링대회,3인조 단체전,효성볼링장,새마을체육과,2019-03-09,2019-03-10,2022-11-28
행사,영천향교 석전대제,향교 춘향 전통 제례의식,영천향교 대성전,문화예술과,2019-03-11,2019-03-11,2022-11-28
행사,2019년 신기술보급 시범사업 설명회,시범사업 추진요령 설명 ,생활과학관,기술지원과,2019-03-12,2019-03-12,2022-11-28
행사,영천시농업대학 포도과정 입학식,기념사,농업기술센터 3층 생활과학관,농촌지도과,2019-03-13,2019-03-13,2022-11-28
행사,영천시농업대학 포도과정 입학식,학사운영안내,농업기술센터 3층 생활과학관,농촌지도과,2019-03-13,2019-03-13,2022-11-28
행사,영천시농업대학 포도과정 입학식,학생자치회 구성,농업기술센터 3층 생활과학관,농촌지도과,2019-03-13,2019-03-13,2022-11-28
행사,따숨가게 현판 전달식,따숨쿠폰 사업 참여(도움이 필요한 사례관리 대사자에 소상공인이무료이용 쿠폰을 발행하여 지원하는 사업),금호읍행정복지센터 대회의실(2층),복지정책과,2019-03-13,2019-03-13,2022-11-28
행사,따숨가게 현판 전달식,가게에 현판전달,금호읍행정복지센터 대회의실(2층),복지정책과,2019-03-13,2019-03-13,2022-11-28
행사,2019년 장학증서 전달식,장학증서 전달식,시립도서관 지산홀,인구교육과,2019-03-14,2019-03-14,2022-11-28
행사,2019 전국종별태권도 선수권대회,전국종별태권도 선수권대회,영천체육관,새마을체육과,2019-03-14,2019-03-21,2022-11-28
행사,장애인종합복지관 15주년 개관기념행사,개관기념식,장애인종합복지관 강당,사회복지과,2019-03-15,2019-03-15,2022-11-28
행사,장애인종합복지관 15주년 개관기념행사,문화공연 ,장애인종합복지관 강당,사회복지과,2019-03-15,2019-03-15,2022-11-28
행사,영천로타리클럽창립50주년 기념행사,영천로타리클럽 창립50주년 기념행사 ,시민회관 스타홀,문화예술과,2019-03-16,2019-03-16,2022-11-28
행사,귀농연합회 우리고장알기 교육,은해사 역사소개 및 사찰안내,은해사,농촌지도과,2019-03-18,2019-03-18,2022-11-28
행사,귀농연합회 우리고장알기 교육,귀농귀촌 사례발표 및 종합,은해사,농촌지도과,2019-03-18,2019-03-18,2022-11-28
행사,귀농연합회 우리고장알기 교육,귀농귀촌 활성화 방안 토의,은해사,농촌지도과,2019-03-18,2019-03-18,2022-11-28
행사,4차 산업혁명 토크콘서트,「4차산업혁명 토크콘서트」특강,시민회관,정책기획실,2019-03-18,2019-03-18,2022-11-28
행사,여성단체협의회장 이취임식 개최,영천시여성단체협의회장 이취임식,영천시새마을회관 3층 대강당,가족행복과,2019-03-19,2019-03-19,2022-11-28
행사,여성단체협의회장 이취임식 개최,"이임회장 제12대(김판덕), 취임회장 제13대(민순남)",영천시새마을회관 3층 대강당,가족행복과,2019-03-19,2019-03-19,2022-11-28
기타,샤인머스켓 재배 교육,샤인커스켓 재배방법,교육문화센터,기술지원과,2019-03-19,2019-03-19,2022-11-28
기타,샤인머스켓 재배 교육,병해충관리,교육문화센터,기술지원과,2019-03-19,2019-03-19,2022-11-28
행사,영천스타라이온스가 지원하는 무료급식,무료급식 실시,장애인종합복지관 1층 식당,사회복지과,2019-03-20,2019-03-20,2022-11-28
행사,영천스타라이온스가 지원하는 무료급식,배식 봉사,장애인종합복지관 1층 식당,사회복지과,2019-03-20,2019-03-20,2022-11-28
행사,임고서원 춘향제,유교 전통 제례의식,임고서원,문화예술과,2019-03-21,2019-03-21,2022-11-28
행사,대한노인회 영천시지회 정기총회,2019년 정기총회,시민회관,사회복지과,2019-03-21,2019-03-21,2022-11-28
행사,대한노인회 영천시지회 정기총회,임원선출건(지회장 등),시민회관,사회복지과,2019-03-21,2019-03-21,2022-11-28
행사,가족봉사단 발대식,사업안내 및 자원봉사교육 ,자원봉사센터 교육실,새마을체육과,2019-03-23,2019-03-23,2022-11-28
기타,「극한직업 」영화 상영,영화상영(극한직업),시민회관 스타홀,문화예술과,2019-03-22,2019-03-23,2022-11-28
행사,우리마을 건강파트너(건강 파발꾼) 발대식,우리마을 건강파트너(건강 파발꾼) 발대식,건강교육관,건강관리과,2019-03-25,2019-03-25,2022-11-28
기타,민방위 교육 실시,민방위 제도 및 운영,청소년수련관,안전재난하천과,2019-03-25,2019-03-29,2022-11-28
기타,민방위 교육 실시,민방위대원들이 알아야 할 20가지 기본 소양,청소년수련관,안전재난하천과,2019-03-25,2019-03-29,2022-11-28
기타,민방위 교육 실시,민방위 임무 숙지를 위한 체험실습교육,청소년수련관,안전재난하천과,2019-03-25,2019-03-29,2022-11-28
행사,경상북도 평생교육자 정기연수,학원 운영사항 등 교육,시민회관 스타홀,문화예술과,2019-03-26,2019-03-26,2022-11-28
기타,예술창작스튜디오 단기 입주작가 전시회,예술창작스튜디오 제11기 단기 입주작가 김선 작품 전시,영천예술창작스튜디오 1전시실,문화예술과,2019-03-26,2019-03-30,2022-11-28
행사,봄철 나무심기행사,봄철 나무심기행사,영천시 화산면 암기리 산100번지 외 1필지,산림과,2019-03-28,2019-03-28,2022-11-28
축제,영천 별빛야시장 개장식,식전공연(ROXY 여성3인조 전자현악공연),영천공설시장 1층 중앙통로,일자리노사과,2019-03-28,2019-03-28,2022-11-28
축제,영천 별빛야시장 개장식,개장식,영천공설시장 1층 중앙통로,일자리노사과,2019-03-28,2019-03-28,2022-11-28
축제,영천 별빛야시장 개장식,식후공연(트로트 가수),영천공설시장 1층 중앙통로,일자리노사과,2019-03-28,2019-03-28,2022-11-28
행사,경북소년체육대회(유도),2019 경북소년체육대회(유도),영천체육관,체육시설사업소,2019-03-28,2019-03-29,2022-11-28
기타,영천한의마을 개관,영천한의마을 개관,영천한의마을,힐링산업과,2019-03-29,2019-03-29,2022-11-28
행사,조선통신사 옛길 서울-동경 한·일 우정걷기,경복궁~광화문 퍼레이드,경복궁,문화예술과,2019-04-01,2019-04-01,2022-11-28
행사,조선통신사 옛길 서울-동경 한·일 우정걷기,경복궁~광화문 퍼레이드,광화문,문화예술과,2019-04-01,2019-04-01,2022-11-28
행사,조선통신사 옛길 서울-동경 한·일 우정걷기,경복궁~광화문 퍼레이드,전쟁기념관,문화예술과,2019-04-01,2019-04-01,2022-11-28
행사,조선통신사 옛길 서울-동경 한·일 우정걷기,전쟁박물관 도착 환영퍼포먼스,경복궁,문화예술과,2019-04-01,2019-04-01,2022-11-28
행사,조선통신사 옛길 서울-동경 한·일 우정걷기,전쟁박물관 도착 환영퍼포먼스,광화문,문화예술과,2019-04-01,2019-04-01,2022-11-28
행사,조선통신사 옛길 서울-동경 한·일 우정걷기,전쟁박물관 도착 환영퍼포먼스,전쟁기념관,문화예술과,2019-04-01,2019-04-01,2022-11-28
행사,동화읽는어른모임 공개강좌,우리아이에게 어떤 책을 줄까,지산홀,평생학습관,2019-04-03,2019-04-03,2022-11-28
축제,농업경영인가족 한마음대회,우수회원 표창,영천강변공원,농촌지도과,2019-04-03,2019-04-03,2022-11-28
축제,농업경영인가족 한마음대회,화합행사 ,영천강변공원,농촌지도과,2019-04-03,2019-04-03,2022-11-28
행사,자활기업『유가네닭갈비』 출범식,유가네닭갈비 출범식,유가네닭갈비 영천점,복지정책과,2019-04-04,2019-04-04,2022-11-28
행사,자활기업『유가네닭갈비』 출범식,시식회,유가네닭갈비 영천점,복지정책과,2019-04-04,2019-04-04,2022-11-28
행사,시민 체육대회 대비 봄맞이 국토대청결 운동,16개 읍면동 동시 일제대청소 실시,2개 동 취약지역(동부동남부동),새마을체육과,2019-04-04,2019-04-04,2022-11-28
행사,시민 체육대회 대비 봄맞이 국토대청결 운동,"동부동, 남부동만 전 부서직원 배치",2개 동 취약지역(동부동남부동),새마을체육과,2019-04-04,2019-04-04,2022-11-28
기타,찾아가는 음악회,성악,영천나자렛집,문화예술과,2019-04-06,2019-04-06,2022-11-28
기타,찾아가는 음악회,악기 연주,영천나자렛집,문화예술과,2019-04-06,2019-04-06,2022-11-28
축제,시민과 함께하는 『웃찾사 & 영천빅리그』,웃찾사 상영,시민회관 스타홀,문화예술과,2019-04-06,2019-04-06,2022-11-28
축제,시민과 함께하는 『웃찾사 & 영천빅리그』,영천빅리그 상영,시민회관 스타홀,문화예술과,2019-04-06,2019-04-06,2022-11-28
행사,식품접객업 기존영업주 위생교육,위생법교육,시민회관 스타홀,보건위생과,2019-04-08,2019-04-09,2022-11-28
행사,식품접객업 기존영업주 위생교육,원산지교육,시민회관 스타홀,보건위생과,2019-04-08,2019-04-09,2022-11-28
행사,식품접객업 기존영업주 위생교육,노무 교육,시민회관 스타홀,보건위생과,2019-04-08,2019-04-09,2022-11-28
행사,제41회 영천시민체육대회,영천시민체육대회,영천시민운동장,새마을체육과,2019-04-10,2019-04-10,2022-11-28
기타,예술창작스튜디오 제11기 입주작가 프리뷰전,영천예술창작스튜디오 제11기 입주작가(8명) 프리뷰전(미리보기) 전시,영천예술창작스튜디오 1전시실,문화예술과,2019-04-10,2019-04-14,2022-11-28
기타,예술창작스튜디오 제11기 입주작가 프리뷰전,영천예술창작스튜디오 제11기 입주작가(8명) 프리뷰전(미리보기) 전시,영천예술창작스튜디오 2전시실,문화예술과,2019-04-10,2019-04-14,2022-11-28
축제,시민회관 영화상영,영화상영,시민회관 스타홀,문화예술과,2019-04-12,2019-04-13,2022-11-28
행사,민물낚시대회,민물낚시대회,영천 탑못(금호읍),새마을체육과,2019-04-14,2019-04-14,2022-11-28
행사,벚꽃100리길마라톤대회,영천댐 벚꽃 100리길 마라톤대회,영천댐 일원,새마을체육과,2019-04-14,2019-04-14,2022-11-28
행사,복사꽃 전국사진 촬영대회,영천복사꽃 전국사진 촬영대회,대창면 일원(개회식:(구)영창중학교),문화예술과,2019-04-14,2019-04-14,2022-11-28
축제,야외 벚꽃음악회,시민과 함께하는 야외 벚꽃음악회,영천댐 하류공원 폭포앞 특설무대,문화예술과,2019-04-14,2019-04-14,2022-11-28
행사,2019년 민방위 대장교육,민방위 대장의 리더십 교육 및 지휘훈련 체험·실습,시민회관,안전재난하천과,2019-04-15,2019-04-15,2022-11-28
축제,우리가 스타-G 영천시편 예선 심사,어르신 장기경연,영천시종합복지센터 1층 강당,사회복지과,2019-04-15,2019-04-15,2022-11-28
축제,우리가 스타-G 영천시편 예선 심사,우리가 스타-G 예선 심사,영천시종합복지센터 1층 강당,사회복지과,2019-04-15,2019-04-15,2022-11-28
행사,제39회 영천시 장애인의 날 기념식 및 체육대회 개최,장애인의 날 기념식,영천강변공원(분수대 옆 무대),사회복지과,2019-04-16,2019-04-16,2022-11-28
행사,제39회 영천시 장애인의 날 기념식 및 체육대회 개최,명랑체육대회,영천강변공원(분수대 옆 무대),사회복지과,2019-04-16,2019-04-16,2022-11-28
행사,제39회 영천시 장애인의 날 기념식 및 체육대회 개최,"어울림 한마당(초청공연, 장기자랑)",영천강변공원(분수대 옆 무대),사회복지과,2019-04-16,2019-04-16,2022-11-28
축제,V.O.S 퇴근하고 여기 어때,콘서트,시민회관 스타홀,문화예술과,2019-04-19,2019-04-19,2022-11-28
축제,2019 최무선과학꿈잔치 개최 및 최무선영상체험관 개관,개회식 및 과학체험프로그램 부스운영,최무선과학관 일원,문화예술과,2019-04-19,2019-04-20,2022-11-28
축제,2019 최무선과학꿈잔치 개최 및 최무선영상체험관 개관,개관식 및 최무선영상체험관 관람 행사,최무선과학관 일원,문화예술과,2019-04-19,2019-04-20,2022-11-28
행사,청소년 동아리 발대식,발대식 및 동아리 소개,청소년문화의 집(2층),가족행복과,2019-04-20,2019-04-20,2022-11-28
행사,최무선장군 추모제,최무선장군 추모제례,최무선과학관,문화예술과,2019-04-21,2019-04-21,2022-11-28
기타,지구의 날 기념 소등 행사,주요 공공건물 전체 소등,영천시청(본관/별관),환경보호과,2019-04-22,2019-04-22,2022-11-28
기타,지구의 날 기념 소등 행사,주요 공공건물 전체 소등,16개 읍면동,환경보호과,2019-04-22,2019-04-22,2022-11-28
행사,장애인종합복지관 신나는 예술여행,국악 및 관현악 공연 관람,영천시장애인종합복지관 강당,사회복지과,2019-04-23,2019-04-23,2022-11-28
기타,"제15회 찾아가는 역사박물관 『창의정용군, 조선을 구하다』",임진왜란 영천·경주성 수복전투 기록물 및 관련 유물 전시,동국대학교 경주캠퍼스 박물관,문화예술과,2019-04-24,2019-04-28,2022-11-28
행사,우리가 스타-G 녹화경연,어르신 장기경연,영천시민회관,사회복지과,2019-04-24,2019-04-24,2022-11-28
행사,우리가 스타-G 녹화경연,초대가수 공연,영천시민회관,사회복지과,2019-04-24,2019-04-24,2022-11-28
기타,2019년 포도분야 해외 전문가 초청 교육,포도고품질 안정생산 기술교육,농업기술센터 강당,기술지원과,2019-04-25,2019-04-25,2022-11-28
기타,2019년 포도분야 해외 전문가 초청 교육,해외 우수포도 품종 소개,농업기술센터 강당,기술지원과,2019-04-25,2019-04-25,2022-11-28
행사,"“행복영천 시민, 천원의 행복”",영화 「돈」 상영,시민회관 스타홀,문화예술과,2019-04-26,2019-04-27,2022-11-28
기타,제11회 영천시장기 족구대회,족구대회,영천 강변체육공원 축구장,새마을체육과,2019-04-28,2019-04-28,2022-11-28
기타,2019년 경력단절예방을 위한 취업특강,재취업 및 사회적 관계 확장을 위한 소통의 기본,교육문화센터 회의실,평생학습관,2019-04-30,2019-04-30,2022-11-28
행사,사랑의 무료급식,어버이날 맞이 급식봉사,영천역,새마을체육과,2019-05-01,2019-05-01,2022-11-28
기타,2019년 영천시민대학 수료식 및 특강,신나는 인생 즐거운 삶,교육문화센터 회의실,평생학습관,2019-05-02,2019-05-02,2022-11-28
기타,도시재생뉴딜 영천공설시장 상인대학 교육,전통시장 활성화 사례,완산동 청년회 사무실(영천공설시장 2층 주차장),지역활력과,2019-05-03,2019-05-03,2022-11-28
기타,도시재생뉴딜 영천공설시장 상인대학 교육,공간조성의 목적 수립,완산동 청년회 사무실(영천공설시장 2층 주차장),지역활력과,2019-05-03,2019-05-03,2022-11-28
행사,영천불교연합회 부처님 오신날 봉축법요식,식전음악회,영천강변공원,문화예술과,2019-05-03,2019-05-03,2022-11-28
행사,영천불교연합회 부처님 오신날 봉축법요식,법요식,영천강변공원,문화예술과,2019-05-03,2019-05-03,2022-11-28
행사,영천불교연합회 부처님 오신날 봉축법요식,점등식,영천강변공원,문화예술과,2019-05-03,2019-05-03,2022-11-28
행사,영천불교연합회 부처님 오신날 봉축법요식,제등행진,영천강변공원,문화예술과,2019-05-03,2019-05-03,2022-11-28
기타,「어린이 캣츠 2탄」 어린이날 특별기획공연,고양이들의 퍼포먼스,시민회관 스타홀,문화예술과,2019-05-04,2019-05-04,2022-11-28
기타,「어린이 캣츠 2탄」 어린이날 특별기획공연,가족뮤지컬,시민회관 스타홀,문화예술과,2019-05-04,2019-05-04,2022-11-28
기타,귀농귀촌학교(전원생활체험학교) 2기 교육 개강,개강식 및 오리엔테이션,보현자연수련원,농촌지도과,2019-05-04,2019-05-05,2022-11-28
기타,귀농귀촌학교(전원생활체험학교) 2기 교육 개강,농지전용개발과 귀농귀촌 정책,보현자연수련원,농촌지도과,2019-05-04,2019-05-05,2022-11-28
기타,귀농귀촌학교(전원생활체험학교) 2기 교육 개강,전원부동산과 전원주택의 입지,보현자연수련원,농촌지도과,2019-05-04,2019-05-05,2022-11-28
행사,제97회 어린이날 큰잔치,식전행사,영천강변공원 분수광장,가족행복과,2019-05-05,2019-05-05,2022-11-28
행사,제97회 어린이날 큰잔치,공식행사,영천강변공원 분수광장,가족행복과,2019-05-05,2019-05-05,2022-11-28
행사,제97회 어린이날 큰잔치,식후행사,영천강변공원 분수광장,가족행복과,2019-05-05,2019-05-05,2022-11-28
행사,제97회 어린이날 큰잔치,체험행사,영천강변공원 분수광장,가족행복과,2019-05-05,2019-05-05,2022-11-28
행사,임란의병 한천승첩 기념 추모행사,임란의병한천승첩 427년 기념추모행사,백의사(영천시 화남면 삼창리),문화예술과,2019-05-06,2019-05-06,2022-11-28
기타,강성태의 “미쳐야 공부다”,2019년 시민행복아카데미 5월 특강 개최,교육문화센터 우석홀,평생학습관,2019-05-08,2019-05-08,2022-11-28
기타,「2019 DAC 소장 작품 순회전 - 사람풍경展」 개최,대구문화예술회관 소장 작품 34점 전시(대구·경북지역 대표작가 및 청년작가 작품),영천예술창작스튜디오 1전시실,문화예술과,2019-05-08,2019-05-28,2022-11-28
기타,「2019 DAC 소장 작품 순회전 - 사람풍경展」 개최,대구문화예술회관 소장 작품 34점 전시(대구·경북지역 대표작가 및 청년작가 작품),영천예술창작스튜디오 2전시실,문화예술과,2019-05-08,2019-05-28,2022-11-28
기타,"“행복영천 시민, 천원의 행복”",영화 「생일」 상영,시민회관 스타홀,문화예술과,2019-05-10,2019-05-11,2022-11-28
행사,제3회 영천시장기 배드민턴 대회,배드민턴대회,영천생활체육관 외 1개소,새마을체육과,2019-05-12,2019-05-12,2022-11-28
기타,"귀농귀촌인 포도,복숭아 교육",복숭아포도과원 토양관리와 시비,농업기술센터 강당,농촌지도과,2019-05-08,2019-05-08,2022-11-28
행사,부처님 오신날 봉축법요식,법요식,은해사 및 관내 사찰,문화예술과,2019-05-12,2019-05-12,2022-11-28
행사,부처님 오신날 봉축법요식,점등식,은해사 및 관내 사찰,문화예술과,2019-05-12,2019-05-12,2022-11-28
기타,대한노인회 영천시지회 부설 노인대학 특강,노인대학 특강,영천시 종합사회복지센터 1층 강당,사회복지과,2019-05-14,2019-05-14,2022-11-28
기타,영천시 취업지원센터 외부 강사 초청 취업특강,성공적인 취업을 위한 단계별 전략 수립,영천제일직업전문학교,일자리노사과,2019-05-14,2019-05-14,2022-11-28
기타,시각장애인협회 이용자 간담회 및 인식개선교육,생활이동지원센터 불편 및 개선사항 관련 간담회,스타컨벤션웨딩 1층,사회복지과,2019-05-15,2019-05-15,2022-11-28
기타,시각장애인협회 이용자 간담회 및 인식개선교육,장애인 인식개선 교육,스타컨벤션웨딩 1층,사회복지과,2019-05-15,2019-05-15,2022-11-28
행사,제2회 작약꽃전람회 및 꽃체험 행사,작약꽃 따기,신녕면 왕산리 495번지,과수한방과,2019-05-15,2019-05-15,2022-11-28
행사,제2회 작약꽃전람회 및 꽃체험 행사,꽃차시음,신녕면 왕산리 495번지,과수한방과,2019-05-15,2019-05-15,2022-11-28
행사,제2회 작약꽃전람회 및 꽃체험 행사,포토존,신녕면 왕산리 495번지,과수한방과,2019-05-15,2019-05-15,2022-11-28
행사,별빛나이트투어 행사,관광지 투어,한의마을,관광진흥과,2019-05-18,2019-05-18,2022-11-28
행사,별빛나이트투어 행사,농산물 체험,한의마을,관광진흥과,2019-05-18,2019-05-18,2022-11-28
행사,별빛나이트투어 행사,별자리강연,한의마을,관광진흥과,2019-05-18,2019-05-18,2022-11-28
행사,별빛나이트투어 행사,공연,한의마을,관광진흥과,2019-05-18,2019-05-18,2022-11-28
행사,별빛나이트투어 행사,관광지 투어,보현산 천문과학관 등,관광진흥과,2019-05-18,2019-05-18,2022-11-28
행사,별빛나이트투어 행사,농산물 체험,보현산 천문과학관 등,관광진흥과,2019-05-18,2019-05-18,2022-11-28
행사,별빛나이트투어 행사,별자리강연,보현산 천문과학관 등,관광진흥과,2019-05-18,2019-05-18,2022-11-28
행사,별빛나이트투어 행사,공연,보현산 천문과학관 등,관광진흥과,2019-05-18,2019-05-18,2022-11-28
행사,산골마을 작은 음악회,전통악기 및 민요 등 공연,채약서당(대창면 용전리),문화예술과,2019-05-18,2019-05-18,2022-11-28
행사,「오월愛 어울림콘서트」,콘서트,시민회관 스타홀,문화예술과,2019-05-18,2019-05-18,2022-11-28
행사,3사관학교와 영천시민이 함께하는 한마음 콘서트,연예병사와 3사 군악대 등 민군 합동공연,강변공원 야외공연장,문화예술과,2019-05-19,2019-05-19,2022-11-28
행사,영천관광 전국사진공모전 입상작 전시,호국보훈의 달 영천관광 전국사진공모전 입상작 전시,국립영천호국원 내,관광진흥과,2019-05-20,2019-06-13,2022-11-28
기타,어린이 안전인형극 및 안전퀴즈 교육,어린이 안전인형극 및 안전퀴즈 교육,시립도서관 지산홀,평생학습관,2019-05-22,2019-05-22,2022-11-28
축제,호국나이트투어(1회) 실시,입퇴소식,3사관학교 일원,관광진흥과,2019-05-22,2019-05-24,2022-11-28
축제,호국나이트투어(1회) 실시,제식훈련,3사관학교 일원,관광진흥과,2019-05-22,2019-05-24,2022-11-28
축제,호국나이트투어(1회) 실시,군사훈련 체험,3사관학교 일원,관광진흥과,2019-05-22,2019-05-24,2022-11-28
축제,호국나이트투어(1회) 실시,작은 음악회(군악대 공연),3사관학교 일원,관광진흥과,2019-05-22,2019-05-24,2022-11-28
축제,호국나이트투어(1회) 실시,별자리 강의,3사관학교 일원,관광진흥과,2019-05-22,2019-05-24,2022-11-28
축제,호국나이트투어(1회) 실시,국립호국원 참배,3사관학교 일원,관광진흥과,2019-05-22,2019-05-24,2022-11-28
축제,호국나이트투어(1회) 실시,영천전투메모리얼파크 추모권 관람,3사관학교 일원,관광진흥과,2019-05-22,2019-05-24,2022-11-28
행사,영천 채용한마당 개최,현장 채용면접,영천상공회의소,일자리노사과,2019-05-23,2019-05-23,2022-11-28
행사,영천 채용한마당 개최,기업홍보,영천상공회의소,일자리노사과,2019-05-23,2019-05-23,2022-11-28
행사,영천향교 기로연,향교전통문화전승보전을 위한 기로연 행사,영천향교 명륜당,문화예술과,2019-05-23,2019-05-23,2022-11-28
행사,"“행복영천 시민, 천원의 행복”",영화 「사바하」 상영,시민회관 스타홀,문화예술과,2019-05-24,2019-05-25,2022-11-28
행사,공공형어린이집 오픈데이,‘물은 생명이다’동영상 강의,영천문화원,가족행복과,2019-05-25,2019-05-25,2022-11-28
행사,공공형어린이집 오픈데이,EM 사용법 강의 및 발효액 만들기 시범,영천문화원,가족행복과,2019-05-25,2019-05-25,2022-11-28
행사,공공형어린이집 오픈데이,흙공 만들기,영천문화원,가족행복과,2019-05-25,2019-05-25,2022-11-28
행사,공공형어린이집 오픈데이,‘물은 생명이다’동영상 강의,음악분수대,가족행복과,2019-05-25,2019-05-25,2022-11-28
행사,공공형어린이집 오픈데이,EM 사용법 강의 및 발효액 만들기 시범,음악분수대,가족행복과,2019-05-25,2019-05-25,2022-11-28
행사,공공형어린이집 오픈데이,흙공 만들기,음악분수대,가족행복과,2019-05-25,2019-05-25,2022-11-28
축제,제1회 시장배 전국댄스스포츠 대회,전국댄스스포츠 대회,영천체육관,새마을체육과,2019-05-26,2019-05-26,2022-11-28
행사,골프협회장배 골프대회,골프대회,영천 오펠골프클럽,새마을체육과,2019-05-27,2019-05-27,2022-11-28
행사,"농민회, 풍년농사 기원제 및 손모심기 시연",풍년 기원 및 화합 행사,고경면 용전리 1378-2번지,농업정책과,2019-05-28,2019-05-28,2022-11-28
행사,척수장애인협회 개소식 및 재활증진 대회,척수장애인협회 개소식 및 재활증진 대회,영천시장애인회관 2층(척수사무실),사회복지과,2019-05-28,2019-05-28,2022-11-28
축제,2019 나도 작가전 이동 전시회,미술 작품 전시,영천 별빛야시장(영천공설시장 중앙통로),일자리노사과,2019-05-30,2019-05-31,2022-11-28
축제,동화 속 주인공이,어린이들을 위한 무용공연,중앙초등학교 대강당,문화예술과,2019-05-31,2019-05-31,2022-11-28
기타,최태자 도자기 개인展,생활자기 및 차 도구 전시,영천예술창작스튜디오 1전시실,문화예술과,2019-05-31,2019-06-04,2022-11-28
기타,최태자 도자기 개인展,생활자기 및 차 도구 전시,영천예술창작스튜디오 2전시실,문화예술과,2019-05-31,2019-06-04,2022-11-28
행사,아(이와)나(무와)아(빠와),아빠와 자녀간의 공감대 형성,목재문화체험장,인구교육과,2019-06-01,2019-06-01,2022-11-28
행사,아(이와)나(무와)아(빠와),육아독박 극복 및 사회적 인식 제고,목재문화체험장,인구교육과,2019-06-01,2019-06-01,2022-11-28
축제,별빛어린이 바둑대회,바둑대회,영천체육관,새마을체육과,2019-06-02,2019-06-02,2022-11-28
행사,‘사뿐사뿐 나비처럼’개강식,한국무용 교육프로그램(심화반) 개강 및 안내 ,시민회관 리허설실,문화예술과,2019-06-03,2019-06-03,2022-11-28
기타,와인학교 소믈리에 양성과정 교육,와인 테이스팅 이론과 실습,농업기술센터 와인학교 2층,기술지원과,2019-06-04,2019-06-04,2022-11-28
행사,여성새로일하기센터 기업체 워크숍 개최,노무 및 근로기준법 강의,교육문화센터 회의실,기업유치과,2019-06-05,2019-06-05,2022-11-28
행사,제64회 현충일 추념행사,헌화분향,충혼탑(교촌동),복지정책과,2019-06-06,2019-06-06,2022-11-28
행사,제64회 현충일 추념행사,국민의례,충혼탑(교촌동),복지정책과,2019-06-06,2019-06-06,2022-11-28
행사,제64회 현충일 추념행사,추념사,충혼탑(교촌동),복지정책과,2019-06-06,2019-06-06,2022-11-28
축제,"“행복영천 시민, 천원의 행복”",영화 「걸캅스」 상영,시민회관 스타홀,문화예술과,2019-06-07,2019-06-08,2022-11-28
축제,영천시협회장기 탁구대회,탁구대회,영천생활체육관,새마을체육과,2019-06-08,2019-06-08,2022-11-28
축제,영천시협회장기 축구대회,축구대회,강변체육공원 단포축구장,새마을체육과,2019-06-09,2019-06-09,2022-11-28
기타,농민수당관련 농업인단체 설명회 개최,농민수당 관련 설명회,농업기술센터 별관 2층 강당,농업정책과,2019-06-10,2019-06-10,2022-11-28
행사,제14회한국사진작가협회 영천지부 회원사진전,사진작품 전시,영천예술창작스튜디오,문화예술과,2019-06-11,2019-06-15,2022-11-28
행사,6.25 전사자 유해발굴 개토식,민.관 군 6.25전사자 유해발굴 기원행사,영천댐 수변테마파크,복지정책과,2019-06-12,2019-06-12,2022-11-28
행사,경북중증장애인자립지원 센터협의회 종사자 체육대회,개회식,임고면 복지회관,사회복지과,2019-06-14,2019-06-14,2022-11-28
행사,경북중증장애인자립지원 센터협의회 종사자 체육대회,체육대회,임고면 복지회관,사회복지과,2019-06-14,2019-06-14,2022-11-28
행사,경북중증장애인자립지원 센터협의회 종사자 체육대회,친교의 시간,임고면 복지회관,사회복지과,2019-06-14,2019-06-14,2022-11-28
축제,제1회 노계문학전국백일장 개최,노계문학의 재발견 및 현대적 계승과 발전을 위한 백일장 개최,노계문학관 일원,문화예술과,2019-06-14,2019-06-15,2022-11-28
축제,2019 영천별빛캠핑페스티벌,보현산별빛축제장 투어 프로그램 진행,영천댐공원,관광진흥과,2019-06-14,2019-06-16,2022-11-28
축제,2019 영천별빛캠핑페스티벌,캠핑체험 및 문화공연 프로그램 운영,영천댐공원,관광진흥과,2019-06-14,2019-06-16,2022-11-28
행사,"산남의진 순국선열 추모식 및 백일장, 사생대회",산남의진 순국선열 추모식,충효재(자양면 충효2리),복지정책과,2019-06-15,2019-06-15,2022-11-28
행사,"산남의진 순국선열 추모식 및 백일장, 사생대회",독립유공자 후손 간담회,충효재(자양면 충효2리),복지정책과,2019-06-15,2019-06-15,2022-11-28
행사,"산남의진 순국선열 추모식 및 백일장, 사생대회",백일장,충효재(자양면 충효2리),복지정책과,2019-06-15,2019-06-15,2022-11-28
행사,"산남의진 순국선열 추모식 및 백일장, 사생대회",사생대회,충효재(자양면 충효2리),복지정책과,2019-06-15,2019-06-15,2022-11-28
축제,영천복사꽃전국사진 촬영대회 시상식,시상식 및 작품전시,영천예술창작스튜디오,문화예술과,2019-06-15,2019-06-15,2022-11-28
행사,제12회 (사)한국석조각 예술인협회 영남지회展,작품전시,영천예술창작스튜디오 1전시실,문화예술과,2019-06-17,2019-06-23,2022-11-28
행사,제12회 (사)한국석조각 예술인협회 영남지회展,작품전시,영천예술창작스튜디오 2전시실,문화예술과,2019-06-17,2019-06-23,2022-11-28
행사,시민사회교육 수료식 개최,배움나눔장터 운영,교육문화센터 우석홀,평생학습관,2019-06-20,2019-06-20,2022-11-28
행사,시민사회교육 수료식 개최,수료식 및 작품발표회,교육문화센터 우석홀,평생학습관,2019-06-20,2019-06-20,2022-11-28
행사,도지사기 게이트볼대회,시군대항전(남여부&혼성부),영덕군 공설운동장,새마을체육과,2019-06-20,2019-06-21,2022-11-28
축제,2019 별빛사투리 경연대회,별빛사투리 경연대회,교육문화센터 우석홀,평생학습관,2019-06-21,2019-06-21,2022-11-28
축제,시민회관 영화상영,영화 「악인전」 상영,시민회관 스타홀,문화예술과,2019-06-21,2019-06-22,2022-11-28
행사,파크골프대회,골프대회,영천시파크골프장(조교동),새마을체육과,2019-06-22,2019-06-22,2022-11-28
축제,한여름 밤 시민을 위한 음악회,문화원 내 문화강좌 동아리 등 문화공연,조양각 특설무대(영천문화원 옆),문화예술과,2019-06-22,2019-06-22,2022-11-28
축제,다문화가족과 더불어가는 세상,예절교육,임고서원,새마을체육과,2019-06-22,2019-06-23,2022-11-28
축제,다문화가족과 더불어가는 세상,다도,임고서원,새마을체육과,2019-06-22,2019-06-23,2022-11-28
축제,다문화가족과 더불어가는 세상,자체결의대회,임고서원,새마을체육과,2019-06-22,2019-06-23,2022-11-28
행사,6.25전쟁 제69주년 행사,모범보훈대상자 포상,시민회관,복지정책과,2019-06-25,2019-06-25,2022-11-28
행사,6.25전쟁 제69주년 행사,사진전시회,시민회관,복지정책과,2019-06-25,2019-06-25,2022-11-28
행사,6.25전쟁 제69주년 행사,기념식,시민회관,복지정책과,2019-06-25,2019-06-25,2022-11-28
축제,김덕순 서양화 개인展,서양화 50점 전시,예술창작스튜디오 1전시실,문화예술과,2019-06-25,2019-06-30,2022-11-28
축제,김덕순 서양화 개인展,서양화 50점 전시,예술창작스튜디오 2전시실,문화예술과,2019-06-25,2019-06-30,2022-11-28
축제,영천축협 조합원 한마음대회,시상식 및 외부강사 특강,시민회관 스타홀,문화예술과,2019-06-26,2019-06-26,2022-11-28
행사,호국보훈 나라사랑 골든벨,현충시설 활성화사업+호국역사 미션체험활동 및 보훈 골든벨,영천전투메모리얼파크 체험권,힐링산업과,2019-06-28,2019-06-28,2022-11-28
축제,제1회 푸른동요대회 개최,어린이집 아동 동요대회(15개팀 중 영천시 5개팀 참가),시민회관,가족행복과,2019-06-29,2019-06-29,2022-11-28
행사,3대가 함께하는 가화만사성 개최,식전공연,교육문화센터 우석홀,가족행복과,2019-06-29,2019-06-29,2022-11-28
행사,3대가 함께하는 가화만사성 개최,공연관람,교육문화센터 우석홀,가족행복과,2019-06-29,2019-06-29,2022-11-28
행사,3대가 함께하는 가화만사성 개최,홍보동영상 시청,교육문화센터 우석홀,가족행복과,2019-06-29,2019-06-29,2022-11-28
축제,문화가 있는 날 - 공연산책 뮤직 나들이,민요공연,오감공예체험장 전정,문화예술과,2019-06-29,2019-06-29,2022-11-28
축제,문화가 있는 날 - 공연산책 뮤직 나들이,시민을 위한 대중가요공연,오감공예체험장 전정,문화예술과,2019-06-29,2019-06-29,2022-11-28
축제,문화가 있는 날 - 공연산책 뮤직 나들이,무용공연,오감공예체험장 전정,문화예술과,2019-06-29,2019-06-29,2022-11-28
행사,민선7기 제10대 시장 취임 1주년 지역경제 활성화 현장 방문,근로자 격려 및 기술연구소 견학,㈜화신(언하공장),기업유치과,2019-07-01,2019-07-01,2022-11-28
기타,대학생 공공기관 직무체험 사업 실시,대학생들의 공공기관 직무체험 기회 제공,문화재연구원,일자리노사과 ,2019-07-01,2019-08-29,2022-11-28
기타,대학생 공공기관 직무체험 사업 실시,대학생들의 공공기관 직무체험 기회 제공,임베디드기술연구원,일자리노사과 ,2019-07-01,2019-08-29,2022-11-28
기타,대학생 공공기관 직무체험 사업 실시,대학생들의 공공기관 직무체험 기회 제공,하이브리브부품연구원,일자리노사과 ,2019-07-01,2019-08-29,2022-11-28
행사,영천별빛한우 발대식,영천별빛한우 설명회,영천축협 TMF 공장 회의실(2층),축산과,2019-07-02,2019-07-02,2022-11-28
행사,영천별빛한우 발대식,현판식,영천축협 TMF 공장 회의실(2층),축산과,2019-07-02,2019-07-02,2022-11-28
행사,영천별빛한우 발대식,기념식,영천축협 TMF 공장 회의실(2층),축산과,2019-07-02,2019-07-02,2022-11-28
행사,전통시장 투어,농촌체험 프로그램,은해사,관광진흥과,2019-07-02,2019-07-02,2022-11-28
행사,전통시장 투어,영천공설시장 및 관광지 투어,은해사,관광진흥과,2019-07-02,2019-07-02,2022-11-28
행사,전통시장 투어,농촌체험 프로그램,영천공설시장,관광진흥과,2019-07-02,2019-07-02,2022-11-28
행사,전통시장 투어,영천공설시장 및 관광지 투어,영천공설시장,관광진흥과,2019-07-02,2019-07-02,2022-11-28
행사,제13회 경북지적발달장애인 복지대회 개최,제14회 경북지적발달장애인 자기권리 주장대회,교육문화센터,사회복지과,2019-07-04,2019-07-04,2022-11-28
행사,제13회 경북지적발달장애인 복지대회 개최,제15회 경북지적발달장애인의 날 기념식,교육문화센터,사회복지과,2019-07-04,2019-07-04,2022-11-28
행사,The(더) 공감 인문학 7월 강좌 개강,"유학, 사람의 길 네 걸음(매주 금요일)",교육문화센터 회의실,문화예술과,2019-07-05,2019-07-26,2022-11-28
축제,이통장 워크숍 및 한마음 체육대회,노래자랑,영천체육관,총무과,2019-07-06,2019-07-06,2022-11-28
축제,이통장 워크숍 및 한마음 체육대회,체육경기,영천체육관,총무과,2019-07-06,2019-07-06,2022-11-28
축제,이통장 워크숍 및 한마음 체육대회,이통장 유공자 포상,영천체육관,총무과,2019-07-06,2019-07-06,2022-11-28
축제,이통장 워크숍 및 한마음 체육대회,워크숍(웃음특강),영천체육관,총무과,2019-07-06,2019-07-06,2022-11-28
축제,뚝딱하니 어흥!,체험형 전래동화 뮤지컬,시민회관 스타홀,문화예술과,2019-07-06,2019-07-06,2022-11-28
행사,청소년지원센터 꿈드림 아웃리치 활동,청소년전화 1388 홍보,영천여중 교문 앞,가족행복과,2019-07-09,2019-07-09,2022-11-28
행사,청소년지원센터 꿈드림 아웃리치 활동,학업중단숙려제 홍보,영천여중 교문 앞,가족행복과,2019-07-09,2019-07-09,2022-11-28
기타,(사)대한노인회 영천시지회 부설 노인대학 특강,노인대학 특강,영천시종합복지센터 1층 강당,사회복지과,2019-07-09,2019-07-09,2022-11-28
기타,(사)대한노인회 영천시지회 부설 노인대학 특강,노인대학 특강,영천시종합복지센터 1층 강당,사회복지과,2019-07-12,2019-07-12,2022-11-28
행사,경북 7월의 독립운동가 이진영이원대 강연회,기념식,시립도서관 지산홀,복지정책과,2019-07-09,2019-07-09,2022-11-28
행사,경북 7월의 독립운동가 이진영이원대 강연회,"2부 이달의 독립운동가(이진영,이원대) 강연",시립도서관 지산홀,복지정책과,2019-07-09,2019-07-09,2022-11-28
행사,2019년 시민행복아카데미 7월 특강 개최,긍정적인 삶과 웃음,교육문화센터 우석홀,평생학습관,2019-07-10,2019-07-10,2022-11-28
행사,찾아가는자원봉사교육,자원봉사교육 및 손마사지 교육,영천성남여자고등학교 체육관,새마을체육과,2019-07-12,2019-07-12,2022-11-28
행사,6대 암 건강강좌,암 검진! 건강할 때 미리미리,영천시민회관,영천시보건소,2019-07-08,2019-07-08,2022-11-28
행사,6대 암 건강강좌,"우리 마을주민 방문건강관리, 이렇게!",영천시민회관,영천시보건소,2019-07-08,2019-07-08,2022-11-28
행사,제19회 화목한 가정만들기 실천개회 개최,특강 및 식전공연,교육문화회관 우석홀,새마을체육과,2019-07-16,2019-07-16,2022-11-28
행사,제19회 화목한 가정만들기 실천개회 개최,의식행사,교육문화회관 우석홀,새마을체육과,2019-07-16,2019-07-16,2022-11-28
기타,4차 산업혁명 캠퍼스 직원특강 실시,직급별 맞춤형 4차 산업혁명 대응능력 배양,영천시립도서관 지산홀,정책기획실,2019-07-16,2019-08-14,2022-11-28
기타,4차 산업혁명 캠퍼스 직원특강 실시,"실무행정 적용 및 응용 사례 설명(매주 화,수요일)",영천시립도서관 지산홀,정책기획실,2019-07-16,2019-08-14,2022-11-28
행사,시니어클럽 일자리참여자 소양교육 실시,2019년 노인일자리 참여자 통합소양교육,시민회관,사회복지과,2019-07-17,2019-07-17,2022-11-28
행사,대한노인회 영천시지회 부설 노인대학 특강,영천시의 인구정책 관련,교육문화센터,사회복지과,2019-07-19,2019-07-19,2022-11-28
행사,문화특화지역 시민설명회,문화특화지역 추진경과 보고 및 사업설명,스타컨벤션웨딩 3층 컨벤션홀,문화예술과,2019-07-19,2019-07-19,2022-11-28
축제,작가와의 만남,김경집의 통찰력 강의,지산홀,평생학습관,2019-07-19,2019-07-19,2022-11-28
축제,전국고등학교검도선수권대회,제22회 대구대학교총장기 전국고등학교검도선수권대회,영천체육관,새마을체육과,2019-07-22,2019-07-24,2022-11-28
축제,전국고등학교검도선수권대회,제22회 대구대학교총장기 전국고등학교검도선수권대회,생활체육관,새마을체육과,2019-07-22,2019-07-24,2022-11-28
행사,2019년 길 위의 인문학(2차),더 질 좋고 더 맛있는 음식을 향유하고자 분투한 역사이야기,문화강의실,평생학습관,2019-07-24,2019-07-27,2022-11-28
행사,2019년 길 위의 인문학(2차),더 질 좋고 더 맛있는 음식을 향유하고자 분투한 역사이야기,고도리와이너리,평생학습관,2019-07-24,2019-07-27,2022-11-28
행사,경북 농아인 배드민턴 동호인 대회,2019 경북 농아인 배드민턴 동호인 대회 개최,영천생활체육관,새마을체육관,2019-07-25,2019-07-25,2022-11-28
기타,시민회관 영화상영,영화 「롱리브더킹」 상영,시민회관 스타홀,문화예술과,2019-07-26,2019-07-27,2022-11-28
행사,2019 영천시 가족봉사단 체험활동,EM흙공던지기,영화교다리밑,새마을체육과,2019-07-27,2019-07-27,2022-11-28
행사,2019 영천시 가족봉사단 체험활동,환경정화활동,영화교다리밑,새마을체육과,2019-07-27,2019-07-27,2022-11-28
행사,2019 영천시 가족봉사단 체험활동,EM흙공던지기,영천목재문화체험장,새마을체육과,2019-07-27,2019-07-27,2022-11-28
행사,2019 영천시 가족봉사단 체험활동,환경정화활동,영천목재문화체험장,새마을체육과,2019-07-27,2019-07-27,2022-11-28
기타,여름방학 독서프로그램,여름방학 독서프로그램,문화강의실,평생학습관,2019-07-26,2019-08-17,2022-11-28
기타,울랄라베베 3기,북스타트 프로그램,체험형동화구연실,평생학습관,2019-07-29,2019-07-29,2022-11-28
기타,시민정보화교육 실시,컴퓨터 기초 및 포토샵,시정보화교육장 등 4개소,홍보전산실,2019-07-29,2019-08-23,2022-11-28
기타,시민정보화교육 실시,엑셀.파워포인트 자격증반,시정보화교육장 등 4개소,홍보전산실,2019-07-29,2019-08-23,2022-11-28
기타,직장맘 자녀 안심케어 지원사업(하계),"직장여성의 초등학생(저학년)자녀 대상 돌봄 지원(교육프로그램, 간식제공)",문내주공,평생학습관,2019-07-29,2019-08-16,2022-11-28
기타,직장맘 자녀 안심케어 지원사업(하계),"직장여성의 초등학생(저학년)자녀 대상 돌봄 지원(교육프로그램, 간식제공)",대동다숲,평생학습관,2019-07-29,2019-08-16,2022-11-28
기타,직장맘 자녀 안심케어 지원사업(하계),"직장여성의 초등학생(저학년)자녀 대상 돌봄 지원(교육프로그램, 간식제공)",미소지움1차,평생학습관,2019-07-29,2019-08-16,2022-11-28
행사,영천인재양성원 명문대 학교 탐방,명문대 견학을 통한 학생 동기 부여,고려대학교,인구교육과,2019-08-01,2019-08-01,2022-11-28
행사,영천인재양성원 명문대 학교 탐방,명문대 견학을 통한 학생 동기 부여,성균관대학교,인구교육과,2019-08-01,2019-08-01,2022-11-28
축제,여름방학 영화상영,「명탐정 코난」,지산홀,평생학습관,2019-08-02,2019-08-02,2022-11-28
행사,여름방학자원봉사학교,EM흙공 교육 및 던지기,영화교다리,새마을체육과,2019-08-03,2019-08-03,2022-11-28
축제,2019 지역문예회관 문화가 있는날,무용,시민회관 야외광장,문화예술과,2019-08-03,2019-08-03,2022-11-28
축제,2019 지역문예회관 문화가 있는날,국악,시민회관 야외광장,문화예술과,2019-08-03,2019-08-03,2022-11-28
축제,2019 지역문예회관 문화가 있는날,대중가요,시민회관 야외광장,문화예술과,2019-08-03,2019-08-03,2022-11-28
축제,2019 지역문예회관 문화가 있는날,댄스 공연,시민회관 야외광장,문화예술과,2019-08-03,2019-08-03,2022-11-28
기타,영천시 사회적 경제기업 육성 및 지원사업 설명회,사회적경제기업 지원제도 안내,교육문화센터 회의실,평생학습관,2019-08-05,2019-08-05,2022-11-28
기타,영천시 사회적 경제기업 육성 및 지원사업 설명회,협동조합 설립 절차 및 사례안내,교육문화센터 회의실,평생학습관,2019-08-05,2019-08-05,2022-11-28
기타,친환경과원관리사업 GAP병해충예찰 컨설팅 및 교육,친환경과원관리사업 GAP병해충예찰 컨설팅 회의 및 관련 교육,농업인회관 2층,과수한방과,2019-08-05,2019-08-05,2022-11-28
행사,"한돈협회, 돼지고기 나눔 행사 개최",경로당 등 소외계층 돼지고기 나눔 행사,영천시청 전정,축산과,2019-08-08,2019-08-08,2022-11-28
기타,영천별빛한우 브랜드 사업설명회 개최,영천별빛한우 브랜드 참여농가 설명회,농업기술센터 별관 2층 대강당,축산과,2019-08-08,2019-08-08,2022-11-28
기타,여름방학 영화상영,「정글북」,지산홀,평생학습관,2019-08-09,2019-08-09,2022-11-28
기타,시민회관 영화상영,「기생충」,시민회관 스타홀,문화예술과,2019-08-09,2019-08-10,2022-11-28
기타,"2nd STUDIO, 2019 영천예술창작스튜디오 특별전",영천예술창작스튜디오 11기 입주작가 작품 20여점 전시,시안미술관 별관,문화예술과,2019-08-09,2019-09-15,2022-11-28
기타,여름방학자원봉사학교,핸즈온프로그램 (수세미 만들기),多나눔센터 교육실,새마을체육과,2019-08-06,2019-08-06,2022-11-28
행사,영천로타리클럽 실버카페 기증식,영천시니어클럽에 실버카페 기증,영천시 무궁화길 20 2층(현대자동차 영천지점 2층),총무과,2019-08-13,2019-08-13,2022-11-28
기타,POP 일러스트 교육,일러스트 개념과 활용,多나눔센터 교육실,새마을체육과,2019-08-13,2019-08-13,2022-11-28
기타,POP 일러스트 교육,스케치하기,多나눔센터 교육실,새마을체육과,2019-08-13,2019-08-13,2022-11-28
행사,배드민턴 동호인 한마당,배드민턴 동호인 한마당,금호체육관,체육시설사업소,2019-08-18,2019-08-18,2022-11-28
행사,찾아가는 미술관「경북의 맥」,작품전시,"영천예술창작스튜디오 1, 2전시실",문화예술과,2019-08-16,2019-08-20,2022-11-28
축제,박상민&서영은과 함께하는 시민행복콘서트,콘서트,시민회관 스타홀,문화예술과,2019-08-17,2019-08-17,2022-11-28
기타,식품가공기능사 전문기능 교육,우유와 달걀 신선도 검사,농업기술센터 별관 1층 조리실,농촌지도과,2019-08-17,2019-08-17,2022-11-28
행사,재)영천시장학회 2019년 싱가폴&말레이시아 어학연수 수료식,수료증 및 우수 수료생 시상,시립도서관 지산홀,인구교육과,2019-08-13,2019-08-13,2022-11-28
축제,디즈니 명작 음악회,"디즈니 명작음악 어린이 공연(1, 2부)",시민회관 스타홀,문화예술과,2019-08-21,2019-08-21,2022-11-28
행사,문화특화지역 조성 간담회,문화특화지역 조성 간담회,지산홀,평생학습관,2019-08-30,2019-08-30,2022-11-28
기타,「기방도령」 영화상영,「기방도령」,시민회관 스타홀,문화예술과,2019-08-23,2019-08-24,2022-11-28
행사,제3회 협회장기 게이트볼 대회 개최,리그전 이후 순위 결정,영천게이트볼구장,새마을체육과,2019-08-21,2019-08-21,2022-11-28
행사,영천와인학교 소믈리에 양성과정 교육,"국가별와인학(칠레, 아르헨티나)",영천시농업기술센터 와인학교 2층,기술지원과,2019-08-20,2019-08-20,2022-11-28
행사,영천와인학교 소믈리에 양성과정 교육,테이스팅,영천시농업기술센터 와인학교 2층,기술지원과,2019-08-20,2019-08-20,2022-11-28
기타,The(더) 공감 인문학 9월 강좌 수강생 모집,"시(詩), 가을처럼 내 마음 물들이다",교육문화센터,평생학습관,2019-08-19,2019-08-23,2022-11-28
행사,임란영천성수복대첩기념 학술세미나,영천성 수복대첩 학술연구 결과 발표 및 주제별 토론,교육문화센터 우석홀,문화예술과,2019-08-29,2019-08-29,2022-11-28
축제,<2019 지역문예회관 문화가 있는 날> “소풍”,청소년들을 위한 국악,영천성남여자고등학교,문화예술과,2019-08-30,2019-08-30,2022-11-28
축제,<2019 지역문예회관 문화가 있는 날> “소풍”,무용,영천성남여자고등학교,문화예술과,2019-08-30,2019-08-30,2022-11-28
축제,<2019 지역문예회관 문화가 있는 날> “소풍”,댄스 공연,영천성남여자고등학교,문화예술과,2019-08-30,2019-08-30,2022-11-28
축제,한(寒)여름밤! 국악과 만나는 인문학,인문학 강좌(2차) 개최,영천향교 명륜당,문화예술과,2019-08-31,2019-08-31,2022-11-28
기타,신품종‘아리수’사과 현장 평가회,아리수’사과 과실 및 수체 특성 현장 평가,박정하 농장(화남면 구전로 274-9),기술지원과,2019-08-27,2019-08-27,2022-11-28
기타,신품종‘아리수’사과 현장 평가회,‘아리수’특성 설명 및 시식 평가,박정하 농장(화남면 구전로 274-9),기술지원과,2019-08-27,2019-08-27,2022-11-28
행사,제9회 실버가요제 및 예능경연대회,어르신 노래 및 예능경연대회,영천시민회관,사회복지과,2019-08-29,2019-08-29,2022-11-28
행사,제9회 실버가요제 및 예능경연대회,가수 축하공연,영천시민회관,사회복지과,2019-08-29,2019-08-29,2022-11-28
행사,함께하는 추석명절 행福나눔행사,명절 선물세트 포장 및 사진촬영,영천시종합복지센터 회의실(1층),복지정책과,2019-08-30,2019-08-30,2022-11-28
행사,영천별빛한우 명품 구이축제 및 한우경진대회,한우경진대회,영천 강변공원,축산과,2019-09-03,2019-09-03,2022-11-28
행사,영천별빛한우 명품 구이축제 및 한우경진대회,한우고급육품평회,영천 강변공원,축산과,2019-09-03,2019-09-03,2022-11-28
행사,영천별빛한우 명품 구이축제 및 한우경진대회,초음파 육질진단 경진대회,영천 강변공원,축산과,2019-09-03,2019-09-03,2022-11-28
행사,제20회 신녕지구전투 호국 영령 합동위령제,식전행사,신녕지구 전승비,복지정책과,2019-09-05,2019-09-05,2022-11-28
행사,제20회 신녕지구전투 호국 영령 합동위령제,본행사,신녕지구 전승비,복지정책과,2019-09-05,2019-09-05,2022-11-28
행사,제20회 신녕지구전투 호국 영령 합동위령제,점심공양,신녕지구 전승비,복지정책과,2019-09-05,2019-09-05,2022-11-28
행사,제17회 찾아가는 역사박물관 기획전시,임진창의회맹록 발굴·전시 및 지역별 의병장 재조명+권응수 장군 유물 영인본 15점 전시,영천시민회관 로비,문화예술과,2019-09-02,2019-09-06,2022-11-28
행사,추석맞이 영천사랑상품권 특별 할인판매,영천사랑상품권 특별 할인판매,관내 농축협,일자리노사과,2019-09-02,2019-09-30,2022-11-28
행사,추석맞이 영천사랑상품권 특별 할인판매,영천사랑상품권 특별 할인판매,관내대구은행,일자리노사과,2019-09-02,2019-09-30,2022-11-28
행사,추석맞이 영천사랑상품권 특별 할인판매,영천사랑상품권 특별 할인판매,관내새마을금고,일자리노사과,2019-09-02,2019-09-30,2022-11-28
행사,추석맞이 영천사랑상품권 특별 할인판매,영천사랑상품권 특별 할인판매,관내신협,일자리노사과,2019-09-02,2019-09-30,2022-11-28
축제,"<추석맞이 특별공연>해설이 있는 춤, 소리 그리고 놀자",한국창작무용,시민회관 스타홀,문화예술과,2019-09-05,2019-09-05,2022-11-28
행사,문학영천 출판기념회 및 시 낭송회,출판기념회 및 시 낭송회,영천문화원,문화예술과,2019-09-06,2019-09-06,2022-11-28
축제,시민회관 영화상영,「사자」,시민회관 스타홀,문화예술과,2019-09-06,2019-09-07,2022-11-28
축제,영천시종합사회복지관 추석명절행사,추석명절 음식 등 나눔 행사 및 문화공연 제공,야사주공 3단지 관리사무소 옆 공터,사회복지과,2019-09-10,2019-09-10,2022-11-28
행사,DGB사회공헌재단과 함께 하는 추석맞이 무료급식,추석명절맞이 무료급식 실시,영천시장애인종합복지관,사회복지과,2019-09-11,2019-09-11,2022-11-28
행사,(사)대한노인회 영천시지회 부설 노인대학 특강,노인대학 특강,영천시종합복지센터 1층 강당,사회복지과,2019-09-10,2019-09-10,2022-11-28
기타,체류형농업창업지원센터 입교 개강식,체류형농업창업지원센터 입교 개강식,체류형농업창업지원센터 세미나실,농촌지도과,2019-09-10,2019-09-10,2022-11-28
기타,광대들 영화상영,시민회관 영화상영,시민회관 스타홀,문화예술과,2019-09-16,2019-09-17,2022-11-28
행사,시민행복아카데미 9월 특강 개최,행복관련 특강,교육문화센터 우석홀,총무과,2019-09-18,2019-09-18,2022-11-28
축제,경북 국가유공자 가족 나라사랑 한마음대회,위로공연,육군3사관학교(충성관),복지정책과,2019-09-20,2019-09-20,2022-11-28
축제,경북 국가유공자 가족 나라사랑 한마음대회,기념식,육군3사관학교(충성관),복지정책과,2019-09-20,2019-09-20,2022-11-28
축제,경북 국가유공자 가족 나라사랑 한마음대회,부대행사,육군3사관학교(충성관),복지정책과,2019-09-20,2019-09-20,2022-11-28
행사,오색바림회 민화 정기 회원展,전통 민화 40여점 전시,"예술창작스튜디오 1, 2전시실",문화예술과,2019-09-20,2019-09-29,2022-11-28
축제,은해사 전국 어린이 청소년 미술대전,전국 어린이 청소년 미술대전,은해사 경내,문화예술과,2019-09-21,2019-09-21,2022-11-28
기타,가족오페라 마술피리,마술피리 오페라 공연,시민회관 스타홀,문화예술과,2019-09-21,2019-09-21,2022-11-28
축제,왕평가요제 예심,가요제 예선심사,교육문화센터 우석홀,평생학습관,2019-09-22,2019-09-22,2022-11-28
축제,지역문예회관 문화가 있는 날,지역민들을 위한 국악공연,북안면복지회관,문화예술과,2019-09-23,2019-09-23,2022-11-28
축제,지역문예회관 문화가 있는 날,지역민들을 위한 무용공연,북안면복지회관,문화예술과,2019-09-23,2019-09-23,2022-11-28
축제,지역문예회관 문화가 있는 날,지역민들을 위한 가요공연,북안면복지회관,문화예술과,2019-09-23,2019-09-23,2022-11-28
행사,여성채용미니박람회,구인기업 1:1면접,교육문화센터 1층 우석홀 일원,평생학습관,2019-09-24,2019-09-24,2022-11-28
행사,여성채용미니박람회,기업체협약식,교육문화센터 1층 우석홀 일원,평생학습관,2019-09-24,2019-09-24,2022-11-28
행사,여성채용미니박람회,구직신청 및 이력서작성 지원,교육문화센터 1층 우석홀 일원,평생학습관,2019-09-24,2019-09-24,2022-11-28
행사,여성채용미니박람회,이벤트관 운영,교육문화센터 1층 우석홀 일원,평생학습관,2019-09-24,2019-09-24,2022-11-28
기타,사뿐사뿐 나비처럼 발표회,한국무용교육프로그램 성과발표,시민회관 스타홀,문화예술과,2019-09-25,2019-09-25,2022-11-28
축제,KBS 전국노래자랑 예심,무반주 심사,영천시민회관,과수한방과,2019-09-26,2019-09-26,2022-11-28
축제,KBS 전국노래자랑 예심,노래방 반주 심사,영천시민회관,과수한방과,2019-09-26,2019-09-26,2022-11-28
행사,별빛배 전국 게이트볼 대회,게이트볼 대회,영천 단포축구장,새마을체육과,2019-09-27,2019-09-27,2022-11-28
행사,별빛찻자리 개최,기념식,영천문화원 조양각,가족행복과,2019-09-27,2019-09-27,2022-11-28
행사,별빛찻자리 개최,찻자리 개최,영천문화원 조양각,가족행복과,2019-09-27,2019-09-27,2022-11-28
축제,경북도민문화 한마당 행사,문화공연,은해사 내 육화원 운동장,새마을체육과,2019-09-28,2019-09-28,2022-11-28
축제,경북도민문화 한마당 행사,백일장,은해사 내 육화원 운동장,새마을체육과,2019-09-28,2019-09-28,2022-11-28
축제,경북도민문화 한마당 행사,사생대회,은해사 내 육화원 운동장,새마을체육과,2019-09-28,2019-09-28,2022-11-28
행사,민관군 친선축구대회,토너먼트,영천 단포축구장,새마을체육과,2019-09-29,2019-09-29,2022-11-28
행사,민관군 친선축구대회,토너먼트,영천 단포축구장,새마을체육과,2019-10-06,2019-10-06,2022-11-28
행사,어린이 건강뮤지컬,"어린이 건강뮤지컬 1, 2부",시민회관 스타홀,문화예술과,2019-09-30,2019-09-30,2022-11-28
행사,영천대첩 기념행사,제69주년 영천대첩 기념행사 및 오찬,국립영천호국원 영첩대첩비,복지정책과,2019-09-30,2019-09-30,2022-11-28
행사,영천큰장 고객사은대잔치,축하공연,영천공설시장 3층 주차장,일자리노사과,2019-10-02,2019-10-02,2022-11-28
행사,영천큰장 고객사은대잔치,체험행사,영천공설시장 3층 주차장,일자리노사과,2019-10-02,2019-10-02,2022-11-28
행사,영천큰장 고객사은대잔치,경품추첨,영천공설시장 3층 주차장,일자리노사과,2019-10-02,2019-10-02,2022-11-28
축제,은해사 1210주년 개산대재,은해사 개산대재 법요식 및 음악회,은해사,문화예술과,2019-10-05,2019-10-05,2022-11-28
행사,국학기공 대회 개최,국학기공 대회,영천 교육문화센터 우석홀,새마을체육과,2019-10-05,2019-10-05,2022-11-28
행사,스타배 전국족구대회,족구대회,영천시민운동장,새마을체육과,2019-10-05,2019-10-06,2022-11-28
행사,영천관광 사진 공모전 전시,전국사진공모전 입상작 전시,은해사,관광진흥과,2019-10-01,2019-10-15,2022-11-28
행사,숭렬당 추향제,유교 전통 예절 전수를 위한 의식 행사,숭렬당,문화예술과,2019-10-07,2019-10-07,2022-11-28
행사,향군의 날 기념식 및 안보결의대회,항군의 날 기념식,영천호국원 현충관,복지정책과,2019-10-08,2019-10-08,2022-11-28
행사,향군의 날 기념식 및 안보결의대회,호국기념관 개관식,영천호국원 현충관,복지정책과,2019-10-08,2019-10-08,2022-11-28
행사,향군의 날 기념식 및 안보결의대회,나라사랑 호국 음악회,영천호국원 현충관,복지정책과,2019-10-08,2019-10-08,2022-11-28
행사,향군의 날 기념식 및 안보결의대회,항군의 날 기념식,호국기념관,복지정책과,2019-10-08,2019-10-08,2022-11-28
행사,향군의 날 기념식 및 안보결의대회,호국기념관 개관식,호국기념관,복지정책과,2019-10-08,2019-10-08,2022-11-28
행사,향군의 날 기념식 및 안보결의대회,나라사랑 호국 음악회,호국기념관,복지정책과,2019-10-08,2019-10-08,2022-11-28
기타,양정자 짚풀공예 개인전,초고-짚풀 공예 작품 60여점 전시,영천예술창작스튜디오1관,문화예술과,2019-10-08,2019-10-10,2022-11-28
기타,양정자 짚풀공예 개인전,초고-짚풀 공예 작품 60여점 전시,영천예술창작스튜디오2관,문화예술과,2019-10-08,2019-10-10,2022-11-28
행사,노인의 날 행사,식전공연,시민회관,사회복지과,2019-10-10,2019-10-10,2022-11-28
행사,노인의 날 행사,청려장 전달,시민회관,사회복지과,2019-10-10,2019-10-10,2022-11-28
행사,4차산업시대 왜 평생교육인가,4차산업시대 왜 평생교육인가 강연,교육문화센터 우석홀,평생학습관,2019-10-10,2019-10-10,2022-11-28
기타,엑시트 영화상영,영화상영,시민회관 스타홀,문화예슬과,2019-10-11,2019-10-12,2022-11-28
행사,영천댐 별빛 걷기대회,걷기대회,영천댐공원,세마을체육과,2019-10-12,2019-10-12,2022-11-28
행사,체류형농업창업지원센터 준공식 개최,농악,체류형농업창업지원센터,농촌지도과,2019-10-15,2019-10-15,2022-11-28
행사,체류형농업창업지원센터 준공식 개최,준공식,체류형농업창업지원센터,농촌지도과,2019-10-15,2019-10-15,2022-11-28
행사,체류형농업창업지원센터 준공식 개최,테이프컷팅,체류형농업창업지원센터,농촌지도과,2019-10-15,2019-10-15,2022-11-28
행사,체류형농업창업지원센터 준공식 개최,시설관람,체류형농업창업지원센터,농촌지도과,2019-10-15,2019-10-15,2022-11-28
행사,체류형농업창업지원센터 준공식 개최,다과회,체류형농업창업지원센터,농촌지도과,2019-10-15,2019-10-15,2022-11-28
행사,시장기 파크골프대회,골프대회 개회식,조교동 파크골프장,세마을체육과,2019-10-16,2019-10-16,2022-11-28
행사,어린이 교통안전 뮤지컬,어린이 교통안전 예방교육 뮤지컬,시민회관 스타홀,문화예술과,2019-10-16,2019-10-16,2022-11-28
축제,가을밤 시민을 위한 음악회,문화원 내 문화강좌 동아리 등 문화공연,조양각 특설무대,문화예술과,2019-10-16,2019-10-16,2022-11-28
축제,가을밤 시민을 위한 음악회,문화원 내 문화강좌 동아리 등 축하공연,조양각 특설무대,문화예술과,2019-10-16,2019-10-16,2022-11-28
기타,제18회 미목회 정기展,서양화 작품 50여점 전시,예술창작스튜디오 1전시실,문화예술과,2019-10-17,2019-10-17,2022-11-28
기타,제18회 미목회 정기展,서양화 작품 50여점 전시,예술창작스튜디오 2전시실,문화예술과,2019-10-17,2019-10-17,2022-11-28
기타,제18회 미목회 정기展,서예 작품 50여점 전시,예술창작스튜디오 1전시실,문화예술과,2019-10-17,2019-10-17,2022-11-28
기타,제18회 미목회 정기展,서예 작품 50여점 전시,예술창작스튜디오 2전시실,문화예술과,2019-10-17,2019-10-17,2022-11-28
기타,제18회 미목회 정기展,공예 작품 50여점 전시,예술창작스튜디오 1전시실,문화예술과,2019-10-17,2019-10-17,2022-11-28
기타,제18회 미목회 정기展,공예 작품 50여점 전시,예술창작스튜디오 2전시실,문화예술과,2019-10-17,2019-10-17,2022-11-28
행사,청소년상담 강연회,청소년상담 전문인 특강,교육문화센터 강당,세마을체육과,2019-10-18,2019-10-18,2022-11-28
축제,청소년 가요댄스 경연대회,청소년 댄스경연 대회,영천강변공원 분수광장,세마을체육과,2019-10-19,2019-10-19,2022-11-28
행사,국가유공자 나라사랑 한마음대회,식전공연,시민회관,복지정책과,2019-10-22,2019-10-22,2022-11-28
행사,국가유공자 나라사랑 한마음대회,공식행사,시민회관,복지정책과,2019-10-22,2019-10-22,2022-11-28
행사,국가유공자 나라사랑 한마음대회,위로공연,시민회관,복지정책과,2019-10-22,2019-10-22,2022-11-28
행사,한국농촌지도자영천시연합회 한마음대회,개회식,영천생활체육관,농촌지도과,2019-10-22,2019-10-22,2022-11-28
행사,한국농촌지도자영천시연합회 한마음대회,화합행사,영천생활체육관,농촌지도과,2019-10-22,2019-10-22,2022-11-28
행사,한국농촌지도자영천시연합회 한마음대회,특강,영천생활체육관,농촌지도과,2019-10-22,2019-10-22,2022-11-28
행사,영천예술창작스튜디오 제11기 입주작가 작품전시,입주작가 작품 전시,예술창작스튜디오 1전시실,문화예술과,2019-10-23,2019-10-27,2022-11-28
행사,영천예술창작스튜디오 제11기 입주작가 작품전시,입주작가 작품 전시,예술창작스튜디오 2전시실,문화예술과,2019-10-23,2019-10-27,2022-11-28
행사,경북학생체육대회(태권도),체육대회,최무선관,체육시설사업소,2019-10-25,2019-10-26,2022-11-28
행사,거조사 나한대재,거조사 나한대재 법요식,거조사,문화예술과,2019-10-26,2019-10-26,2022-11-28
행사,거조사 나한대재,작은음악회 개최,거조사,문화예술과,2019-10-26,2019-10-26,2022-11-28
행사,새마을 알뜰 무료 도서교환 시장,무료도서교환시장 운영,시립도서관 앞 공터,새마을체육과,2019-10-23,2019-10-23,2022-11-28
행사,새마을 알뜰 무료 도서교환 시장,독서캠페인 전개,시립도서관 앞 공터,새마을체육과,2019-10-23,2019-10-23,2022-11-28
기타,창의정용군-이름없는 들풀이여,창의정용군 주제 한국창작무용,시민회관 스타홀,문화예술과,2019-10-23,2019-10-23,2022-11-28
축제,포은선생 충효정신 선양 전국 한시백일장,전통문화 계승발전을 위한 전국 한시백일장,임고서원 충효문화수련원,문화예술과,2019-10-26,2019-10-26,2022-11-28
행사,시장기 골프대회,골프대회 개회식,오펠GC,세마을체육과,2019-10-28,2019-10-28,2022-11-28
행사,경상북도학생체육대회,체육대회,시민운동장,경상북도 교육청,2019-10-28,2019-10-31,2022-11-28
기타,영화상영(봉오동전투),영화상영,시민회관,문화예술과,2019-10-28,2019-10-28,2022-11-28
축제,영천사생회전,영천 사생회전 회원 유화 전시,영천예술창작스튜디오 1전시실,문화예술과,2019-10-29,2019-11-03,2022-11-28
축제,영천사생회전,영천 사생회전 회원 유화 전시,영천예술창작스튜디오 2전시실,문화예술과,2019-10-29,2019-11-03,2022-11-28
축제,영천사생회전,영천 사생회전 회원 수채화 전시,영천예술창작스튜디오 1전시실,문화예술과,2019-10-29,2019-11-03,2022-11-28
축제,영천사생회전,영천 사생회전 회원 수채화 전시,영천예술창작스튜디오 2전시실,문화예술과,2019-10-29,2019-11-03,2022-11-28
기타,시장기 게이트볼대회,게이트볼 대회,영천게이트볼장,세마을체육과,2019-10-30,2019-10-30,2022-11-28
행사,어린이집 부모교육 실시,행복한 가정을 위한 부모교육,교육문화센터 우석홀,평생학습관,2019-10-30,2019-10-30,2022-11-28
행사,시장기 그라운드골프대회,골프대회 개회식,단포축구장,세마을체육과,2019-10-31,2019-10-31,2022-11-28
축제,영천아리랑전국경창대회,영천아리랑 1소절,시민회관,문화예술과,2019-11-02,2019-11-02,2022-11-28
축제,영천아리랑전국경창대회,아리랑,시민회관,문화예술과,2019-11-02,2019-11-02,2022-11-28
축제,보훈가족 어울림마당,식전공연,시민회관,복지정책과,2019-11-05,2019-11-05,2022-11-28
축제,보훈가족 어울림마당,공식행사,시민회관,복지정책과,2019-11-05,2019-11-05,2022-11-28
축제,보훈가족 어울림마당,위로공연,시민회관,복지정책과,2019-11-05,2019-11-05,2022-11-28
행사,아이와 함께 자라는 부모,교육 강연,교육문화센터 우석홀,평생학습관,2019-11-06,2019-11-06,2022-11-28
축제,영천시민 가을음악회,클래식 음악회 개최,영천시민회관,문화예술과,2019-11-06,2019-11-06,2022-11-28
기타,입주작가 릴레이전 part2,입주작가 작품 전시,영천예술창작스튜디오 1전시실,문화예술과,2019-11-06,2019-11-10,2022-11-28
기타,입주작가 릴레이전 part2,입주작가 작품 전시,영천예술창작스튜디오 2전시실,문화예술과,2019-11-06,2019-11-10,2022-11-28
축제,사랑 나눔 바자회,바자회 물품 판매,장애인종합복지관,사회복지과,2019-11-07,2019-11-07,2022-11-28
기타,영화상영(나쁜녀석들),영화상영,시민회관,문화예술과,2019-11-08,2019-11-09,2022-11-28
행사,영천시장기 탁구대회,탁구대회,영천체육관,체육시설사업소,2019-11-08,2019-11-10,2022-11-28
행사,영천시장기 탁구대회,탁구대회,생활체육관,체육시설사업소,2019-11-08,2019-11-10,2022-11-28
축제,백신애문학제,백신회 문학강연,교육문화센터,문화예술과,2019-11-09,2019-11-09,2022-11-28
축제,백신애문학제,백신애 문학상 및 창작기금 시상식,교육문화센터,문화예술과,2019-11-09,2019-11-09,2022-11-28
행사,6.25전사자 합동영결식,유해발굴 합동 영결식,영천호국원 현충관,복지정책과,2019-11-11,2019-11-11,2022-11-28
행사,신녕면 행복학습센터 종강식,행복학습센터 종강식,신녕면 복지회관,평생학습관,2019-11-13,2019-11-13,2022-11-28
축제,백신애 적빈(赤貧) 연극,백신애 소설 무료 연극,영천시민회관 스타홀,문화예술과,2019-11-13,2019-11-13,2022-11-28
축제,우리농업살리기 후원주점 행사,도농교류,SD웨딩컨벤션 2층 연회장,농업정책과,2019-11-13,2019-11-13,2022-11-28
축제,우리농업살리기 후원주점 행사,친목도모,SD웨딩컨벤션 2층 연회장,농업정책과,2019-11-13,2019-11-13,2022-11-28
축제,애니메이션 음악 콘서트,디즈니 애니메이션 ost 공연,영천시립도서관 지산홀,평생학습관,2019-11-13,2019-11-13,2022-11-28
축제,다둥이가족 사랑 축제,식전공연,영천시민회관,사회복지과,2019-11-14,2019-11-14,2022-11-28
축제,다둥이가족 사랑 축제,개회식,영천시민회관,사회복지과,2019-11-14,2019-11-14,2022-11-28
축제,다둥이가족 사랑 축제,공연관람,영천시민회관,사회복지과,2019-11-14,2019-11-14,2022-11-28
축제,다둥이가족 사랑 축제,부대행사,영천시민회관,사회복지과,2019-11-14,2019-11-14,2022-11-28
행사,전몰 학도의용군 추념식,추념식 행사,국립영천호국원,평생학습관,2019-11-15,2019-11-15,2022-11-28
행사,포은서예휘호대회,서예휘호대회,임고복지회관,문화예술과,2019-11-16,2019-11-16,2022-11-28
행사,경북유림총화대회 및 인성교육평가회,유교문화 활용방안 모색,시민회관,문화예술과,2019-11-20,2019-11-20,2022-11-28
기타,영천예술창작스튜디오 제11기 입주작가 릴레이전(part3)&오픈스튜디오,입주작가 작품 전시,영천예술창작스튜디오 1전시실,문화예술과,2019-11-20,2019-11-24,2022-11-28
기타,영천예술창작스튜디오 제11기 입주작가 릴레이전(part3)&오픈스튜디오,입주작가 작품 전시,영천예술창작스튜디오 2전시실,문화예술과,2019-11-20,2019-11-24,2022-11-28
행사,새마을지도자 한마음 전진대회,의식행사,영천체육관,새마을체육과,2019-11-21,2019-11-21,2022-11-28
행사,새마을지도자 한마음 전진대회,시상,영천체육관,새마을체육과,2019-11-21,2019-11-21,2022-11-28
행사,새마을지도자 한마음 전진대회,축하공연,영천체육관,새마을체육과,2019-11-21,2019-11-21,2022-11-28
행사,새마을지도자 한마음 전진대회,읍면동 회원 화합대회,영천체육관,새마을체육과,2019-11-21,2019-11-21,2022-11-28
행사,스타배 배드민턴 대회,배드민턴 대회,영천체육관,체육시설사업소,2019-11-22,2019-11-24,2022-11-28
행사,스타배 배드민턴 대회,배드민턴 대회,생활체육관,체육시설사업소,2019-11-22,2019-11-24,2022-11-28
행사,스타배 배드민턴 대회,배드민턴 대회,금호체육관,체육시설사업소,2019-11-22,2019-11-24,2022-11-28
행사,한방김장김치 담그기 행사,한방김장김치 담그기 체험 행사,농업기술센터 구내식당,농업정책과,2019-11-23,2019-11-23,2022-11-28
행사,한방김장김치 담그기 행사,시식회,농업기술센터 구내식당,농업정책과,2019-11-23,2019-11-23,2022-11-28
행사,최무선과학관 학부모 과학교실 특강,과학교실 특강,최무선과학관 창의과학체험실,문화예술과,2019-11-23,2019-11-23,2022-11-28
행사,경북 동호인 화합 축구대회,축구대회,단포축구장,새마을체육과,2019-11-23,2019-11-24,2022-11-28
행사,경북 동호인 화합 축구대회,축구대회,단포축구장,새마을체육과,2019-12-01,2019-12-01,2022-11-28
기타,영화상영(가장보통의연애),영화상영,시민회관,문화예술과,2019-11-22,2019-11-23,2022-11-28
축제,문화가 있는 날-우리춤이야기,무용,대창면 문화센터,문화예술과,2019-11-25,2019-11-25,2022-11-28
축제,문화가 있는 날-우리춤이야기,민요,대창면 문화센터,문화예술과,2019-11-25,2019-11-25,2022-11-28
축제,문화가 있는 날-우리춤이야기,가요공연,대창면 문화센터,문화예술과,2019-11-25,2019-11-25,2022-11-28
행사,별빛유아숲체험원 개원식,체험원 개원식,영천시 망정동 산14-5번지,산림과,2019-11-26,2019-11-26,2022-11-28
행사,새마을 사랑의 김장 담가주기 행사,김장,영천시새마을회관 앞 마당,새마을체육과,2019-11-28,2019-11-28,2022-11-28
행사,새마을 사랑의 김장 담가주기 행사,소외이웃 나눔,영천시새마을회관 앞 마당,새마을체육과,2019-11-28,2019-11-28,2022-11-28
행사,귀농인 한마음대회,식전행사,영천체육관,농촌지도과,2019-11-28,2019-11-28,2022-11-28
행사,귀농인 한마음대회,개회식,영천체육관,농촌지도과,2019-11-28,2019-11-28,2022-11-28
행사,귀농인 한마음대회,화합한마당,영천체육관,농촌지도과,2019-11-28,2019-11-28,2022-11-28
행사,귀농인 한마음대회,폐회식,영천체육관,농촌지도과,2019-11-28,2019-11-28,2022-11-28
축제,매직 버블쇼 도서관에서 즐겨요!,특별공연,영천시립도서관 지산홀,평생학습관,2019-11-29,2019-11-29,2022-11-28
행사,영천대마기 전국종합마술 축제,종합마술 승마대회,운주산승마조련센터,축산과,2019-11-30,2019-12-01,2022-11-28
축제,크리스마스트리문화축제 점등식,식전공연,시민회관 일대,문화예술과,2019-12-01,2019-12-01,2022-11-28
축제,크리스마스트리문화축제 점등식,트리점등예배,시민회관 일대,문화예술과,2019-12-01,2019-12-01,2022-11-28
축제,크리스마스트리문화축제 점등식,내빈 소개 및 축사,시민회관 일대,문화예술과,2019-12-01,2019-12-01,2022-11-28
축제,크리스마스트리문화축제 점등식,축하공연,시민회관 일대,문화예술과,2019-12-01,2019-12-01,2022-11-28
축제,크리스마스트리문화축제 점등식,개막 및 점등식,시민회관 일대,문화예술과,2019-12-01,2019-12-01,2022-11-28
행사,영천YMCA 2019 사랑의 김장나누기,김치나눔,영천시종합복지센터 지하 1층,복지정책과,2019-12-03,2019-12-03,2022-11-28
행사,축산연합회 한마음단합대회,단합대회,생활체육관,체육시설사업소,2019-12-03,2019-12-03,2022-11-28
축제,학교폭력예방 뮤지컬,학교폭력예방 뮤지컬,시민회관 스타홀,새마을체육과,2019-12-04,2019-12-04,2022-11-28
축제,예술창작스튜디오 제11기 입주작가 릴레이전(part4)&오픈스튜디오,입주작가 작품 전시,영천예술창작스튜디오 1전시실,문화예술과,2019-12-04,2019-12-08,2022-11-28
축제,예술창작스튜디오 제11기 입주작가 릴레이전(part4)&오픈스튜디오,입주작가 작품 전시,영천예술창작스튜디오 2전시실,문화예술과,2019-12-04,2019-12-08,2022-11-28
축제,고3 청소년 꿈 토크 콘서트,장기자랑 및 토크 콘서트,시민회관,새마을체육과,2019-12-05,2019-12-05,2022-11-28
행사,자원봉사자 대회 및 기념식,자원봉사자 대회 및 기념식,영천체육관,체육시설사업소,2019-12-05,2019-12-05,2022-11-28
축제,시민과 함께하는 2019 아트 페스티벌,무용과 노래공연 및 댄스공연,영천시민회관 스타홀,문화예술과,2019-12-07,2019-12-07,2022-11-28
행사,경북 협회장기 태권도대회,태권도대회,영천체육관,체육시설사업소,2019-12-07,2019-12-08,2022-11-28
기타,시민정보화교육 동계특강,엑셀과 포토샵 교육,IT플라자,홍보전산실,2019-12-09,2019-12-13,2022-11-28
기타,시민정보화교육 동계특강,컴퓨터와 한글 기초교육,금호읍 정보화교육장,홍보전산실,2019-12-09,2019-12-13,2022-11-28
행사,찾아가는 역사박물관 경북순회전시,유물 및 인물자료 전시,의성고등학교 체육관,문화예술과,2019-12-09,2019-12-09,2022-11-28
행사,영천시농민회 한마음대회 행사,친목도모 및 체육행사,임고면 복지회관,농업정책과,2019-12-10,2019-12-10,2022-11-28
행사,생명살림운동 실천 재활용품 수집 경진대회,의식행사 및 결의문 낭독과 재활용품 운반,영천강변공원 주차장,새마을체육과,2019-12-10,2019-12-10,2022-11-28
행사,시각장애인연합회 후원인 송년의 날 행사,기념식 및 교육과 노래자랑,스타컨벤션웨딩 2층,사회복지과,2019-12-11,2019-12-11,2022-11-28
행사,시민사회교육 수료식 및 어울림한마당,수료식 및 작품발표회와 배움나눔장터 운영,교육문화센터 우석홀,평생학습관,2019-12-12,2019-12-12,2022-11-28
행사,하이테크파크지구 개발사업 사업착수식,착수식 개최,영천시 녹전동 양호길 55 일원,기업유치과,2019-12-12,2019-12-12,2022-11-28
기타,채약문묵회 제20회 전시회,작품전시,영천예술창작스튜디오 1전시실,문화예술과,2019-12-14,2019-12-22,2022-11-28
기타,채약문묵회 제20회 전시회,작품전시,영천예술창작스튜디오 2전시실,문화예술과,2019-12-14,2019-12-22,2022-11-28
축제,유리바다 합창단 정기연주회,정기연주회,시민회관,문화예술과,2019-12-14,2019-12-14,2022-11-28
행사,결혼이민여성 한국어 교육 수료식,수료식 및 소감문 발표,건강가정다문화가족지원센터,사회복지과,2019-12-16,2019-12-16,2022-11-28
기타,송년단합 및 안보결의대회,안보결의대회 및 오찬,영천한정식,복지정책과 ,2019-12-16,2019-12-16,2022-11-28
행사,영천별빛한우 브랜드 교육,관리교육,센터 강당,축산과,2019-12-16,2019-12-16,2022-11-28
축제,나는 밴드다 공연,음악공연,교육문화센터 우석홀,평생학습관,2019-12-18,2019-12-18,2022-11-28
행사,별빛회 15주년 기념행사,발전방향 모색과 화합의 시간,SD웨딩컨벤션,새마을체육과,2019-12-18,2019-12-18,2022-11-28
축제,명사초청특강 및 문화가족한마당,국악공연 및 개회식,영천시민회관,문화예술과,2019-12-19,2019-12-19,2022-11-28
기타,(사)한국미술협회 영천지부 회원전,유화·수채화·서각·한국화 등 38점 전시,영천시민회관,문화예술과,2019-12-20,2019-12-24,2022-11-28
행사,(사)한국척수장애인 송년의날,인사말과 축사 및 점심식사와 노래자랑,장애인회관 2층,사회복지과,2019-12-21,2019-12-21,2022-11-28
행사,재대구영천향우회 정기총회 및 회장 이취임식,정기총회 및 취임식,호텔인터불고,총무과,2019-12-23,2019-12-23,2022-11-28
행사,바르게살기운동영천시협의회 선진시민의식함양 실천결의대회,행동강령낭독과 시상 및 축사,임고서원 충효문화수련원,새마을체육과,2019-12-24,2019-12-24,2022-11-28
행사,지역사회보장협의체 워크숍,표창 및 특강과 우수사례발표,영천상공회의소 컨퍼런스 홀,복지정책과 ,2019-12-26,2019-12-26,2022-11-28
행사,영천향교 국학학원 학예발표회,작품전시 및 학예발표회,영천향교 국학학원 3층 대강당,문화예술과,2019-12-27,2019-12-27,2022-11-28
기타,김은정피아노 연주회,피아노연주회,교육문화센터 우석홀,평생학습관,2019-12-27,2019-12-27,2022-11-28
기타,영화상영(82년생 김지영),영화상영,시민회관 스타홀,문화예술과,2019-12-27,2019-12-27,2022-11-28
행사,영천별빛한우 경과보고 및 홍보 시식행사,경과보고 및 홍보,영천축협 한우프라자,축산과,2019-12-30,2019-12-30,2022-11-28
행사,자연보호 산불 조심 캠페인 추진,산불조심캠페인,관내 산지 및 등산로 일대,새마을체육과,2019-12-31,2019-12-31,2022-11-28
축제,시민과 함께하는 송년음악회,송년음악회,영천시민회관 스타홀,문화예술과,2019-12-31,2019-12-31,2022-11-28
기타,컴퓨터 동계 특강,파워포인트 기초와 엑셀자격증 교육,아이존IT플라자,회계정보과,2020-01-02,2020-01-31,2022-11-28
기타,컴퓨터 동계 특강,파워포인트 기초와 엑셀 기초,금호읍 정보화교육장,회계정보과,2020-01-02,2020-01-31,2022-11-28
기타,컴퓨터 동계 특강,파워포인트 기초와 엑셀 기초,시정보화교육장,회계정보과,2020-01-02,2020-01-31,2022-11-28
행사,2020 영천문화원 신년교례회,신년인사 및 시루떡 절단,영천문화원 2층 대강당,문화예술과,2020-01-02,2020-01-02,2022-11-28
행사,2020 영천문화원 신년교례회,건배 제의,영천문화원 2층 대강당,문화예술과,2020-01-02,2020-01-02,2022-11-28
행사,2020 새해농업인실용교육(포도),포도재배기술 교육,고경면복지회관,농촌지도과,2020-01-03,2020-01-03,2022-11-28
행사,2020 새해농업인실용교육(복숭아),복숭아재배기술 교육,농업기술센터 강당,농촌지도과,2020-01-03,2020-01-03,2022-11-28
기타,영천와인학교 소믈리에 자격검정 필기시험,소믈리에 자격검정 필기시험,농업기술센터 와인학교 2층 강의실,기술지원과,2020-01-04,2020-01-04,2022-11-28
기타,독서문화 프로그램,개화기 사건파일,영천시립도서관,평생학습관,2020-01-30,2020-01-30,2022-11-28
기타,1월 안전점검의 날 캠페인 실시,홍보캠페인,(구)망정사거리,안전재난하천과,2020-01-06,2020-01-06,2022-11-28
기타,영천와인학교 소믈리에 양성과정 교육,소믈리에 실기시험 교육,영천시농업기술센터 와인학교 2층 강의실,기술지원과,2020-01-07,2020-01-07,2022-11-28
기타,2020 새해농업인실용교육(복숭아),복숭아재배기술 교육,금호읍회의실,농촌지도과,2020-01-07,2020-01-07,2022-11-28
기타,2020 새해농업인실용교육(포도),포도재배기술 교육,북안면복지회관,농촌지도과,2020-01-07,2020-01-07,2022-11-28
기타,시민사회교육 수강생 모집,제과제빵 교육,교육문화센터,평생학습관,2020-01-13,2020-01-17,2022-11-28
행사,시민문화교실 민요반 개강식,민요반 개강식,시민회관,문화예술과,2020-01-14,2020-01-14,2022-11-28
행사,새해농업인실용교육(포도),포도실재배기술 교육,금호농협APC 회의실,농촌지도과,2020-01-14,2020-01-14,2022-11-28
행사,무용학원 정기발표회,M댄스 아카데미 정기공연,시민회관 스타홀,문화예술과,2020-01-18,2020-01-18,2022-11-28
행사,새해농업인실용교육(포도),포도재배기술 교육,화남면다목적회관,농촌지도과,2020-01-21,2020-01-21,2022-11-28
행사,새해농업인실용교육(복숭아),복숭아재배기술 교육,화산면복지회관,농촌지도과,2020-01-21,2020-01-21,2022-11-28
기타,초등학생 리더십 강의,리더십 강의,교육문화센터 회의실,평생학습관,2020-01-28,2020-01-30,2022-11-28
행사,여성 신년인사회 개최,신년인사,스타컨벤션웨딩,사회복지과,2020-01-28,2020-01-28,2022-11-28
행사,여성 신년인사회 개최,축하공연,스타컨벤션웨딩,사회복지과,2020-01-28,2020-01-28,2022-11-28
행사,여성 신년인사회 개최,장학금 및 불우이웃돋기 성금 기탁,스타컨벤션웨딩,사회복지과,2020-01-28,2020-01-28,2022-11-28
행사,여성 신년인사회 개최,신녀축하 떡 커팅,스타컨벤션웨딩,사회복지과,2020-01-28,2020-01-28,2022-11-28
행사,여성 신년인사회 개최,오찬,스타컨벤션웨딩,사회복지과,2020-01-28,2020-01-28,2022-11-28
기타,태권도 관장 직무교육,태권도 표준화 교육,시민회관 스타홀,문화예술과,2020-02-01,2020-02-01,2022-11-28
기타,아이돌보미 양성과정 교육,기본소양교육,교육문화센터 강의실,평생학습관,2020-01-16,2020-01-31,2022-11-28
기타,아이돌보미 양성과정 교육,아동발달 단계별 아이돌보미서비스교육,교육문화센터 강의실,평생학습관,2020-01-16,2020-01-31,2022-11-28
기타,직장맘 자녀 안심케어 사업 운영,돌봄 및 교육프로그램 운영,교육문화센터,평생학습관,2020-01-02,2020-02-04,2022-11-28
행사,여성기업인 간담회,기업지원 시책사업 안내,든담(화남면 신선로 113),기업유치과,2020-02-03,2020-02-03,2022-11-28
행사,여성기업인 간담회,기업애로 청취,든담(화남면 신선로 113),기업유치과,2020-02-03,2020-02-03,2022-11-28
기타,안전점검의 날 캠페인 실시,안전신고,서문육거리,안전재난하천과,2020-02-04,2020-02-04,2022-11-28
기타,안전점검의 날 캠페인 실시,안전점검의 날 홍보캠페인,서문육거리,안전재난하천과,2020-02-04,2020-02-04,2022-11-28
행사,자원봉사단체 간담회,자원봉사센터 주요사업 안내,다나눔센터 1층 교육실,새마을체육과,2020-02-04,2020-02-04,2022-11-28
행사,영천축협 정기총회,영천축협 2020년도 정기총회,영천축협 본점 회의실 3층,축산과,2020-02-07,2020-02-07,2022-11-28
행사,영천시 산림조합 제59기 정기총회,감사패 및 표창패수여,영천시 산림조합 3층 회의실,산림과,2020-02-10,2020-02-10,2022-11-28
행사,영천시 산림조합 제59기 정기총회,장학금기탁,영천시 산림조합 3층 회의실,산림과,2020-02-10,2020-02-10,2022-11-28
행사,영천시 산림조합 제59기 정기총회,사진촬영,영천시 산림조합 3층 회의실,산림과,2020-02-10,2020-02-10,2022-11-28
기타,건강체중 만들기 프로그램(1기) 참가자 모집,요가,영천시 보건소 3층,보건소,2020-02-10,2020-02-14,2022-11-28
기타,건강체중 만들기 프로그램(1기) 참가자 모집,스포츠 댄스,영천시 보건소 3층,보건소,2020-02-10,2020-02-14,2022-11-28
기타,건강체중 만들기 프로그램(1기) 참가자 모집,라인댄스,영천시 보건소 3층,보건소,2020-02-10,2020-02-14,2022-11-28
기타,건강체중 만들기 프로그램(1기) 참가자 모집,그룹운동,영천시 보건소 3층,보건소,2020-02-10,2020-02-14,2022-11-28
행사,지적장애인 정기총회,2019년도 결산 및 사업실적 보고,금노동 장애인회관 식당,사회복지과,2020-02-14,2020-02-14,2022-11-28
행사,지적장애인 정기총회,2020년도 사업계획 및 예산 의결,금노동 장애인회관 식당,사회복지과,2020-02-14,2020-02-14,2022-11-28
행사,관광사진공모전 입상작품 전시,입상작품 전시,최무선과학관,관광진흥과,2020-02-11,2020-03-01,2022-11-28
행사,오리장림 자연유산 민속행사,마을수호 및 지역안녕 기원 전통행사,오리장림,문화예술과,2020-02-19,2020-02-19,2022-11-28
행사,무료급식 실시,무료 급식비 지원 및 자원봉사,영천시장애인종합복지관 식당,사회복지과,2020-02-19,2020-02-19,2022-11-28
행사,6.25참전유공자회 정기총회,이임사,영천한정식,복지정책과,2020-02-20,2020-02-20,2022-11-28
행사,6.25참전유공자회 정기총회,공로패(감사패)전달,영천한정식,복지정책과,2020-02-20,2020-02-20,2022-11-28
행사,6.25참전유공자회 정기총회,취임사,영천한정식,복지정책과,2020-02-20,2020-02-20,2022-11-28
행사,6.25참전유공자회 정기총회,기념촬영,영천한정식,복지정책과,2020-02-20,2020-02-20,2022-11-28
기타,2020년도 농정시책설명회,보랏빛향기 커뮤니티센터 건축 추진현황 보고,금호읍 행정복지센터,건설과,2020-02-21,2020-02-21,2022-11-28
기타,2020년도 농정시책설명회,농촌생활환경 정비사업 향후 일정 조율,금호읍 행정복지센터,건설과,2020-02-21,2020-02-21,2022-11-28
축제,제1회 영천한약축제,한약축제,(구)공병대,과수한방과,2003-10-02,2003-10-04,2022-11-28
축제,제1회 영천한약축제,한약축제,도동생약유통단지,과수한방과,2003-10-02,2003-10-04,2022-11-28
축제,제2회 영천한약축제,한약축제,(구)공병대,과수한방과,2004-10-02,2004-10-05,2022-11-28
축제,제3회 영천한약축제,한약축제,(구)공병대,과수한방과,2005-10-02,2005-10-06,2022-11-28
축제,제4회 영천한약축제,한약축제,완산동 약초거리 일원,과수한방과,2006-09-27,2006-10-01,2022-11-28
축제,제5회 영천한약축제,한약축제,완산동 약초거리 일원,과수한방과,2007-10-02,2007-10-06,2022-11-28
축제,제5회 영천한약축제,한약축제,도동한약유통단지,과수한방과,2007-10-02,2007-10-06,2022-11-28
축제,제6회 영천한약축제,한약축제,금호강 둔치,과수한방과,2008-10-02,2008-10-05,2022-11-28
축제,제7회 영천한약축제,한약축제,시청앞 금호강 둔치,과수한방과,2009-09-25,2009-09-27,2022-11-28
축제,제8회 영천한약장수축제,한약축제,완산동 영천역전,과수한방과,2010-10-01,2010-10-04,2022-11-28
축제,제9회 영천한약장수축제,한약축제,영천역광장,과수한방과,2010-10-01,2010-10-04,2022-11-28
축제,제9회 영천한약장수축제,한약축제,약령시장,과수한방과,2010-10-01,2010-10-04,2022-11-28
축제,제9회 영천한약장수축제,한약축제,도동한약유통단지,과수한방과,2010-10-01,2010-10-04,2022-11-28
축제,영천과일한약장수축제,한약축제,영천금호강 강변공원,과수한방과,2012-09-19,2012-09-23,2022-11-28
축제,영천과일한약장수축제,한약축제,약전거리,과수한방과,2012-09-19,2012-09-23,2022-11-28
축제,영천과일한약장수축제,한약축제,한약유통단지,과수한방과,2012-09-19,2012-09-23,2022-11-28
축제,영천한약과일축제,한약축제,영천강변공원,과수한방과,2013-10-02,2013-10-06,2022-11-28
축제,영천한약과일축제,한약축제,영천강변공원,과수한방과,2014-10-01,2014-10-05,2022-11-28
축제,영천한약축제,한약축제,약전거리,과수한방과,2015-10-16,2015-10-18,2022-11-28
축제,영천한약축제,한약축제,한약유통단지,과수한방과,2015-10-16,2015-10-18,2022-11-28
축제,영천한약과일축제,한약축제,영천강변공원,과수한방과,2016-09-30,2016-10-03,2022-11-28
축제,제1회 2004 보현산 별빛문화축제,별빛축제,보현 자연수련원,관광진흥과,2004-05-15,2004-05-16,2022-11-28
축제,제1회 2004 보현산 별빛문화축제,별빛축제,별빛마을,관광진흥과,2004-05-15,2004-05-16,2022-11-28
축제,제2회 2005 보현산 별빛문화축제,별빛축제,별빛마을,관광진흥과,2005-05-05,2005-05-08,2022-11-28
축제,제2회 2005 보현산 별빛문화축제,별빛축제,녹색농촌체험마을,관광진흥과,2005-05-05,2005-05-08,2022-11-28
축제,제3회 2006 보현산 별빛축제,별빛축제,보현산자락,관광진흥과,2006-07-28,2006-07-30,2022-11-28
축제,제4회 2007 보현산 별빛축제,별빛축제,검단마을,관광진흥과,2007-08-11,2007-08-12,2022-11-28
축제,제5회 2008 영천 보현산 별빛축제,별빛축제,검단마을,관광진흥과,2008-08-22,2008-08-24,2022-11-28
축제,제5회 2008 영천 보현산 별빛축제,별빛축제,별빛마을,관광진흥과,2008-08-22,2008-08-24,2022-11-28
축제,제6회 2009 영천 보현산 별빛축제,별빛축제,보현산천문과학관(정각리 별빛마을),관광진흥과,2009-05-03,2009-05-05,2022-11-28
축제,제6회 2009 영천 보현산 별빛축제,별빛축제,보현산천문대,관광진흥과,2009-05-03,2009-05-05,2022-11-28
축제,제6회 2009 영천 보현산 별빛축제,별빛축제,보현리 은하수마을,관광진흥과,2009-05-03,2009-05-05,2022-11-28
축제,제7회 2010 영천 보현산 별빛축제,별빛축제,보현산천문과학관(별빛마을),관광진흥과,2010-04-30,2010-05-02,2022-11-28
축제,제7회 2010 영천 보현산 별빛축제,별빛축제,자양면 보현리 은하수마을,관광진흥과,2010-04-30,2010-05-02,2022-11-28
축제,제8회 2011 영천 보현산 별빛축제,별빛축제,보현산자락,관광진흥과,2011-04-21,2011-04-24,2022-11-28
축제,제9회 2012 영천 보현산 별빛축제,별빛축제,보현산자락,관광진흥과,2012-04-26,2012-04-29,2022-11-28
축제,제10회 2013 영천 보현산 별빛축제,별빛축제,보현산자락,관광진흥과,2013-04-25,2013-04-28,2022-11-28
축제,제11회 2014 영천 보현산 별빛축제,별빛축제,보현산천문과학관 일원,관광진흥과,2014-10-03,2014-10-05,2022-11-28
축제,제12회 2015 영천 보현산 별빛축제,별빛축제,보현산자락,관광진흥과,2015-05-02,2015-05-05,2022-11-28
축제,제13회 2016 영천 보현산 별빛축제,별빛축제,보현산천문과학관 일원,관광진흥과,2016-07-22,2016-07-25,2022-11-28
축제,제14회 2017 영천 보현산 별빛축제,별빛축제,보현산자락,관광진흥과,2017-09-29,2017-10-02,2022-11-28
축제,제15회 2018 영천 보현산 별빛축제,별빛축제,보현산천문과학관 일원,관광진흥과,2018-10-07,2018-10-09,2022-11-28
축제,제16회 2019 영천 보현산 별빛축제,별빛축제,보현산천문과학관 일원,관광진흥과,2019-06-14,2019-06-16,2022-11-28
