,번호,구분,근거,화장실명,소재지도로명주소,소재지지번주소,남성용-대변기수,남성용-소변기수,남성용-장애인용대변기수,남성용-장애인용소변기수,남성용-어린이용대변기수,남성용-어린이용소변기수,여성용-대변기수,여성용-장애인용대변기수,여성용-어린이용대변기수,관리기관명,전화번호,개방시간,개방시간상세,설치연월,WGS84위도,WGS84경도,화장실소유구분,오물처리방식,안전관리시설설치대상여부,비상벨설치여부,비상벨설치장소,화장실입구CCTV설치유무,기저귀교환대유무,기저귀교환대장소,리모델링연월,데이터기준일자,시군구명,읍면동명,설치연도,기저귀교환대,CCTV,비상벨,장애인화장실,어린이대변기
3145,3146,개방화장실,법제3조제6호,영천(대구)휴게소,경상북도 영천시 임고면 운주로 791,경상북도 영천시 임고면 금대리 99,16,11,1,1,1,0,33,1,1,한국도로공사,054-338-0037,상시,,2004-11,36.0534003,129.0442412,공공기관-국가공공기관,수세식,Y,Y,장애인화장실+남자화장실+여자화장실,Y,Y,남자화장실+여자화장실,,2024-08-05,영천시,임고면,2004.0,True,True,True,True,True
3146,3147,개방화장실,법제3조제6호,영천(포항방향)휴게소,"경상북도 영천시 임고면 운주로 777, 영천(포항방향)주유소",경상북도 영천시 임고면 금대리 103 영천(포항방향)주유소,16,11,1,1,1,0,33,1,1,한국도로공사,054-338-0062,상시,,2004-11,36.0513146,129.0425047,공공기관-국가공공기관,수세식,Y,Y,장애인화장실+남자화장실+여자화장실,Y,Y,남자화장실+여자화장실,,2024-08-05,영천시,임고면,2004.0,True,True,True,True,True
3147,3148,개방화장실,법제3조제16호-영제3조제1항제1호,국립영천호국원,"경상북도 영천시 고경면 호국로 1720, 국립영천호국원",경상북도 영천시 고경면 청정리 700 국립영천호국원,21,28,5,3,2,2,40,5,2,국립영천호국원,054-330-0850,정시,09:00~18:00,2001-01,35.9803943,129.1092773,공공기관-국가공공기관,수세식,Y,N,없음,N,Y,남자화장실+여자화장실,,2024-08-05,영천시,고경면,2001.0,True,False,False,True,True
3148,3149,개방화장실,법제3조제16호-영제3조제1항제1호,국민건강보험공단영천지사,"경상북도 영천시 중앙동1길 45, 국민건강보험공단 (문외동)",경상북도 영천시 문외동 138-5 국민건강보험공단,2,2,2,1,0,0,2,1,0,국민건강보험공단영천지사,054-330-0710,정시,주중(09:00~18:00),2008-03,35.9736706,128.9332622,공공기관-지방공공기관(지방공기업/지방출자출연기관),수세식,Y,Y,남자화장실+여자화장실,N,Y,여자화장실,,2024-08-05,영천시,문외동,2008.0,True,False,True,True,False
3149,3150,공중화장실,법제3조제5호,신녕천 고향의 강 공중화장실(2),,경상북도 영천시 쌍계동 504-14,1,3,1,0,0,0,2,1,0,영천시공원관리사업소,,상시,,2018-12,35.9662332,128.9110337,공공기관-지방자치단체,수세식,Y,Y,장애인화장실+여자화장실,N,N,없음,,2024-08-05,영천시,쌍계동,2018.0,False,False,True,True,False
3150,3151,공중화장실,법제3조제5호,신녕천 고향의 강 공중화장실(1),,경상북도 영천시 쌍계동 81-1,1,3,1,0,0,0,2,1,0,영천시공원관리사업소,,상시,,2018-12,35.9635827,128.9147521,공공기관-지방자치단체,수세식,Y,Y,장애인화장실+여자화장실,N,N,없음,,2024-08-05,영천시,쌍계동,2018.0,False,False,True,True,False
3151,3152,공중화장실,법제3조제13호,오수동공원 공중화장실(2),,경상북도 영천시 금호읍 봉죽리 526,1,0,0,0,0,0,1,0,0,영천시새마을체육과,,상시,,2018-01,35.948322,128.9197665,공공기관-지방자치단체,수거식,Y,Y,여자화장실,N,N,없음,,2024-08-05,영천시,금호읍,2018.0,False,False,True,False,False
3152,3153,공중화장실,법제3조제13호,은해사체육시설,,경상북도 영천시 청통면 치일리 98-7,1,2,1,0,0,0,3,1,0,영천시청통면행정복지센터,,상시,,2019-01,35.9922285,128.8009904,공공기관-지방자치단체,수세식,Y,Y,장애인화장실+여자화장실,N,Y,남자화장실+여자화장실,,2024-08-05,영천시,청통면,2019.0,True,False,True,True,False
3153,3154,공중화장실,법제3조제5호,신녕천강변공원,"경상북도 영천시 신녕면 치산효령로 15-8, 신녕천 강변공원 공중화장실",경상북도 영천시 신녕면 화성리 1003-25 신녕천 강변공원 공중화장실,1,2,0,0,0,0,2,1,0,영천시신녕면행정복지센터,,상시,,2017-01,36.0428623,128.7858533,공공기관-지방자치단체,수세식,Y,Y,여자화장실,N,N,없음,,2024-08-05,영천시,신녕면,2017.0,False,False,True,True,False
3154,3155,공중화장실,법제3조제13호,오수동공원 공중화장실(1),경상북도 오수5길 107,경상북도 영천시 오수동 434-1,1,2,0,0,0,0,2,0,0,영천시새마을체육과,,상시,,2018-01,35.9525091,128.9198868,공공기관-지방자치단체,수세식,Y,Y,여자화장실,N,N,없음,,2024-08-05,영천시,오수동,2018.0,False,False,True,False,False
3155,3156,공중화장실,법제3조제5호,보현산댐 하류공원 캠핑장화장실,,경상북도 영천시 화북면 횡계리 528-1,2,2,0,0,0,0,4,0,0,영천시공원관리사업소,,상시,,2014-12,36.1200268,128.9379568,공공기관-지방자치단체,수세식,Y,N,없음,N,N,없음,,2024-08-05,영천시,화북면,2014.0,False,False,False,False,False
3156,3157,개방화장실,법제3조제16호-영제3조제1항제2호,노계문학관 외부,경상북도 영천시 북안면 신평탑골길 93-33,경상북도 영천시 북안면 도천리 296,3,3,0,0,0,0,6,0,0,영천시문화예술과,,상시,,2018-01,35.8885849,129.0223708,공공기관-지방자치단체,수세식,Y,N,없음,N,Y,여자화장실,,2024-08-05,영천시,북안면,2018.0,True,False,False,False,False
3157,3158,개방화장실,법제3조제16호-영제3조제1항제2호,노계문학관 내부,경상북도 영천시 북안면 신평탑골길 93-33,경상북도 영천시 북안면 도천리 296,3,3,0,0,0,0,3,0,0,영천시문화예술과,,정시,정시(09:00∼18:00),2018-01,35.8885737,129.0220269,공공기관-지방자치단체,수세식,Y,N,없음,N,Y,여자화장실,,2024-08-05,영천시,북안면,2018.0,True,False,False,False,False
3158,3159,개방화장실,법제3조제16호-영제3조제1항제1호,대창면행정복지센터,경상북도 영천시 대창면 금박로 1057-7,경상북도 영천시 대창면 대창리 783-1,6,9,0,0,0,0,4,0,0,영천시대창면행정복지센터,,정시,정시(09:00∼18:00),1989-01,35.8759897,128.8946999,공공기관-지방자치단체,수세식,Y,N,없음,N,N,없음,,2024-08-05,영천시,대창면,1989.0,False,False,False,False,False
3159,3160,개방화장실,법제3조제16호-영제3조제1항제2호,최무선영상체험관,경상북도 영천시 금호읍 창산길 100-29,경상북도 영천시 금호읍 원기리 277,2,1,0,0,0,0,2,0,0,영천시문화예술과,,정시,정시(09:00∼18:00),2019-01,35.9075578,128.8803204,공공기관-지방자치단체,수세식,Y,N,없음,N,Y,남자화장실+여자화장실,,2024-08-05,영천시,금호읍,2019.0,True,False,False,False,False
3160,3161,개방화장실,법제3조제16호-영제3조제1항제2호,최무선과학관,경상북도 영천시 금호읍 창산길 100-29,경상북도 영천시 금호읍 원기리 277,8,9,0,0,0,0,9,0,0,영천시문화예술과,,정시,정시(09:00∼18:00),2012-01,35.9077538,128.8810647,공공기관-지방자치단체,수세식,Y,N,없음,N,Y,남자화장실+여자화장실,,2024-08-05,영천시,금호읍,2012.0,True,False,False,False,False
3161,3162,개방화장실,법제3조제16호-영제3조제1항제1호,고경면행정복지센터,경상북도 영천시 고경면 호국로 1065-25,경상북도 영천시 고경면 해선리 309-2,2,2,0,0,0,0,3,0,0,영천시고경면행정복지센터,,정시,정시(09:00∼18:00),1994-12,36.0016447,129.0459154,공공기관-지방자치단체,수세식,Y,N,없음,N,N,없음,,2024-08-05,영천시,고경면,1994.0,False,False,False,False,False
3162,3163,개방화장실,법제3조제16호-영제3조제1항제1호,경주세무서 영천지서,"경상북도 영천시 강변로 12, 영천세무서 (성내동)",경상북도 영천시 성내동 230,2,0,0,0,0,0,3,0,0,경주세무서영천지서,,정시,정시(09:00∼18:00),2008-12,35.9620312,128.9238606,공공기관-국가공공기관,수세식,Y,N,없음,N,N,없음,,2024-08-05,영천시,성내동,2008.0,False,False,False,False,False
3163,3164,개방화장실,법제3조제16호-영제3조제1항제2호,목재문화체험장,경상북도 영천시 화북면 배나무정길332,경상북도 영천시 화북면 입석리 산 49번지 25호,7,10,0,0,0,0,10,0,0,영천시산림과,,정시,정시(09:00∼18:00),2017-01,36.1410012,128.9785037,공공기관-지방자치단체,수세식,Y,N,없음,N,N,없음,,2024-08-05,영천시,화북면,2017.0,False,False,False,False,False
3164,3165,개방화장실,법제3조제5호,보현산댐 별빛전망대,"경상북도 영천시 화북면 천문로 2610, 별빛전망대",경상북도 영천시 화북면 입석리 611-2,3,3,1,0,0,0,5,1,0,영천시공원관리사업소,,상시,,2016-01,36.1270322,128.9527054,공공기관-지방자치단체,수세식,Y,N,없음,N,N,없음,,2024-08-05,영천시,화북면,2016.0,False,False,False,True,False
3165,3166,개방화장실,법제3조제1호,천문전시체험관,경상북도 영천시 화북면 별빛로 681-32,경상북도 영천시 화북면 정각리 689,1,2,0,0,0,0,4,0,0,영천시관광진흥과,,정시,정시(09:00∼18:00),2018-01,36.1401753,128.9974462,공공기관-지방자치단체,수세식,Y,N,없음,N,N,없음,,2024-08-05,영천시,화북면,2018.0,False,False,False,False,False
3166,3167,개방화장실,법제3조제1호,천문과학관,경상북도 영천시 화북면 별빛로 681-32,경상북도 영천시 화북면 정각리 689,2,2,0,0,0,0,3,0,0,영천시관광진흥과,,정시,정시(09:00∼18:00),2009-01,36.1402987,128.9967783,공공기관-지방자치단체,수세식,Y,N,없음,N,Y,여자화장실,,2024-08-05,영천시,화북면,2009.0,True,False,False,False,False
3167,3168,개방화장실,법제3조제17호-영제3조제2항제1호,보현산댐 짚와이어,경상북도 영천시 화북면 배나무정길 196,경상북도 영천시 화북면 입석리 171,2,2,0,0,0,0,4,0,0,영천시시설관리공단,,정시,정시(09:00∼18:00),2016-01,36.1437244,128.9647908,공공기관-지방자치단체,수세식,Y,N,없음,N,N,없음,,2024-08-05,영천시,화북면,2016.0,False,False,False,False,False
3168,3169,개방화장실,법제3조제16호-영제3조제1항제4호,평생학습관,경상북도 영천시 최무선로 243,경상북도 영천시 성내동 140,11,12,3,0,0,0,31,2,0,영천시평생학습관,,정시,정시(09:00∼18:00),2014-12,35.9652578,128.9264808,공공기관-지방자치단체,수세식,Y,N,없음,N,Y,여자화장실,,2024-08-05,영천시,성내동,2014.0,True,False,False,True,False
3169,3170,개방화장실,법제3조제16호-영제3조제1항제1호,농업기술센터,경상북도 영천시 천문로 622-13,경상북도 영천시 오미동 1146-2,13,14,0,0,0,0,17,0,0,영천시농업기술센터,,상시,,2006-01,35.9909563,128.9259242,공공기관-지방자치단체,수세식,Y,N,없음,N,N,없음,,2024-08-05,영천시,오미동,2006.0,False,False,False,False,False
3170,3171,개방화장실,법제3조제16호-영제3조제1항제2호,영천한의마을,경상북도 영천시 천문로 485,경상북도 영천시 화룡동 43,12,9,0,0,0,0,15,0,0,영천시시설관리공단,,상시,,2018-12,35.9777982,128.9220307,공공기관-지방자치단체,수세식,Y,N,없음,N,Y,여자화장실,,2024-08-05,영천시,화룡동,2018.0,True,False,False,False,False
3171,3172,개방화장실,법제3조제16호-영제3조제1항제4호,영천시립도서관,경상북도 영천시 중앙동1길 80,경상북도 영천시 문외동 245-3,11,14,1,1,1,1,26,1,2,평생학습관,054-339-7777,정시,정시(08:00~23:00),2014-01,35.9753467,128.9327899,공공기관-지방자치단체,수세식,Y,N,없음,N,Y,남자화장실+여자화장실,,2024-08-05,영천시,문외동,2014.0,True,False,False,True,True
3172,3173,개방화장실,법제3조제16호-영제3조제1항제2호,포은정몽주생가,경상북도 영천시 임고면 효자로 342,경상북도 영천시 임고면 우항리 183,2,2,0,0,0,0,2,0,0,영천시문화예술과,,상시,,2015-01,36.0108968,128.9899395,공공기관-지방자치단체,수세식,Y,N,없음,N,Y,여자화장실,,2024-08-05,영천시,임고면,2015.0,True,False,False,False,False
3173,3174,개방화장실,법제3조제16호-영제3조제1항제2호,충효관,경상북도 영천시 임고면 포은로 447,경상북도 영천시 양항리 493,1,2,0,0,0,0,2,0,0,영천시문화예술과,,상시,,2012-01,36.0167163,128.9732494,공공기관-지방자치단체,수세식,Y,N,없음,N,N,없음,,2024-08-05,영천시,양항리,2012.0,False,False,False,False,False
3174,3175,개방화장실,법제3조제16호-영제3조제1항제2호,포은유물관,경상북도 영천시 임고면 포은로 447,경상북도 영천시 양항리 493,1,3,1,0,0,0,3,0,0,영천시문화예술과,,상시,,2012-01,36.0167163,128.9732494,공공기관-지방자치단체,수세식,Y,N,없음,N,Y,여자화장실,,2024-08-05,영천시,양항리,2012.0,True,False,False,True,False
3175,3176,개방화장실,법제3조제16호-영제3조제1항제2호,포은연수관,경상북도 영천시 임고면 포은로 447,경상북도 영천시 양항리 493,2,3,1,0,0,0,4,0,0,영천시문화예술과,,상시,,2017-01,36.0167163,128.9732494,공공기관-지방자치단체,수세식,Y,N,없음,N,Y,여자화장실,,2024-08-05,영천시,양항리,2017.0,True,False,False,True,False
3176,3177,개방화장실,법제3조제1호,운주산승마자연휴양림,경상북도 영천시 임고면 승마휴양림길 105,경상북도 영천시 임고면 황강리 산9,4,4,0,0,0,0,4,0,0,영천시농업기술센터축산과,,상시,,2006-12,36.0352059,128.9969616,공공기관-지방자치단체,수세식,Y,N,없음,N,N,없음,,2024-08-05,영천시,임고면,2006.0,False,False,False,False,False
3177,3178,개방화장실,법제3조제16호-영제3조제1항제1호,청소년수련관,경상북도 영천시 운동장로 94,경상북도 영천시 교촌동 336-1,4,5,0,0,0,0,4,0,0,영천시체육시설사업소,,상시,,2004-01,35.9712912,128.9232884,공공기관-지방자치단체,수세식,Y,N,없음,N,N,없음,,2024-08-05,영천시,교촌동,2004.0,False,False,False,False,False
3178,3179,개방화장실,법제3조제13호,종합스포츠센터,경상북도 영천시 운동장로 94,경상북도 영천시 교촌동 336-1,4,5,0,0,0,0,5,0,0,영천시체육시설사업소,,상시,,2006-01,35.9712912,128.9232884,공공기관-지방자치단체,수세식,Y,N,없음,N,N,없음,,2024-08-05,영천시,교촌동,2006.0,False,False,False,False,False
3179,3180,개방화장실,법제3조제13호,최무선관,경상북도 영천시 운동장로 92,경상북도 영천시 교촌동 336-2,6,8,0,0,0,0,7,0,0,영천시체육시설사업소,054-339-7477,상시,,2006-01,35.9701685,128.9221372,공공기관-지방자치단체,수세식,Y,N,없음,N,N,없음,,2024-08-05,영천시,교촌동,2006.0,False,False,False,False,False
3180,3181,개방화장실,법제3조제13호,시민운동장,경상북도 영천시 운동장로 84,경상북도 영천시 교촌동 314,32,80,0,0,0,0,85,0,0,영천시체육시설사업소,,상시,,1990-01,35.9695414,128.9243021,공공기관-지방자치단체,수세식,Y,N,없음,N,N,없음,,2024-08-05,영천시,교촌동,1990.0,False,False,False,False,False
3181,3182,개방화장실,법제3조제13호,영천체육관,"경상북도 영천시 운동장로 60, 영천실내체육관 (교촌동)",경상북도 영천시 교촌동 287,13,32,0,0,0,0,30,0,0,영천시체육시설사업소,,상시,,1998-01,35.9679356,128.9250355,공공기관-지방자치단체,수세식,Y,N,없음,N,N,없음,,2024-08-05,영천시,교촌동,1998.0,False,False,False,False,False
3182,3183,개방화장실,법제3조제13호,생활체육관,"경상북도 영천시 운동장로 55, 생활체육관 (교촌동)",경상북도 영천시 교촌동 282-1,2,3,0,0,0,0,4,0,0,영천시체육시설사업소,,상시,,2010-01,35.9679275,128.9235928,공공기관-지방자치단체,수세식,Y,N,없음,N,N,없음,,2024-08-05,영천시,교촌동,2010.0,False,False,False,False,False
3183,3184,개방화장실,법제3조제16호-영제3조제1항제1호,영천시의회,"경상북도 영천시 시청로 16, 영천시청 (문외동)",경상북도 영천시 문외동27,1,3,1,0,0,0,2,0,0,영천시회계정보과,,정시,정시(09:00∼18:00),2015-02,35.9729667,128.9393302,공공기관-지방자치단체,수세식,Y,N,없음,N,N,없음,,2024-08-05,영천시,문외동27,2015.0,False,False,False,True,False
3184,3185,개방화장실,법제3조제16호-영제3조제1항제1호,청통면사무소,경상북도 영천시 청통면 금호로 978,경상북도 영천시 청통면 치일리 14-1,4,4,0,0,0,0,4,0,0,영천시청통면행정복지센터,,정시,정시(09:00∼18:00),1982-11,35.9921216,128.8230126,공공기관-지방자치단체,수세식,Y,N,없음,N,N,없음,,2024-08-05,영천시,청통면,1982.0,False,False,False,False,False
3185,3186,개방화장실,법제3조제13호,금호체육관,경상북도 영천시 금호읍 금호로 171,경상북도 영천시 금호읍 교대리 130-3,4,8,0,0,0,0,5,0,0,영천시금호읍행정복지센터,,상시,,2005-01,35.9339269,128.8798274,공공기관-지방자치단체,수세식,Y,N,없음,N,N,없음,,2024-08-05,영천시,금호읍,2005.0,False,False,False,False,False
3186,3187,개방화장실,법제3조제16호-영제3조제1항제4호,금호도서관,"경상북도 영천시 금호읍 금호로 173, 금호공공도서관",경상북도 영천시 금호읍 교대리 130-2 금호공공도서관,7,8,0,0,0,0,7,0,0,경상북도교육청,,상시,,2005-01,35.9343713,128.8798418,공공기관-지방자치단체,수세식,Y,N,없음,N,N,없음,,2024-08-05,영천시,금호읍,2005.0,False,False,False,False,False
3187,3188,개방화장실,법제3조제16호-영제3조제1항제1호,금호읍행정복지센터,경상북도 영천시 금호읍 금호로 153,경상북도 영천시 금호읍 교대리 149-2,12,10,1,0,0,0,12,1,0,영천시금호읍행정복지센터,,정시,정시(09:00∼18:00),2006-12,35.9333531,128.8776776,공공기관-지방자치단체,수세식,Y,N,없음,N,N,없음,,2024-08-05,영천시,금호읍,2006.0,False,False,False,True,False
3188,3189,개방화장실,법제3조제5호,영천전투메모리얼파크 체험권 지휘통제소,경상북도 영천시 호국영웅길 15,경상북도 영천시 창구동 188,3,3,0,0,0,0,6,0,0,영천시복지정책과,,상시,,2017-01,,,공공기관-지방자치단체,수세식,Y,N,없음,N,N,없음,,2024-08-05,영천시,창구동,2017.0,False,False,False,False,False
3189,3190,공중화장실,법제3조제5호,금호강변공원 화장실,,경상북도 영천시 금호읍 덕성리 278,2,3,1,1,0,0,5,0,0,영천시공원관리사업소,054-330-6892,상시,,2022-06,,,공공기관-지방자치단체,수세식,Y,Y,여자화장실,N,N,없음,,2024-08-05,영천시,금호읍,2022.0,False,False,True,True,False
3190,3191,공중화장실,법제3조제5호,보현산댐 하류공원 공원화장실,경상북도 영천시 화북면 천문로 2477,경상북도 영천시 화북면 횡계리 512-1,3,3,1,0,0,0,5,1,0,영천시공원관리사업소,,상시,,2014-12,36.1214708,128.9397812,공공기관-지방자치단체,수세식,Y,N,없음,N,N,없음,,2024-08-05,영천시,화북면,2014.0,False,False,False,True,False
3191,3192,공중화장실,법제3조제13호,파크골프장(1),,경상북도 영천시 조교동 52-2,1,1,0,0,0,0,1,0,0,영천시새마을체육과,,상시,,2014-06,35.9678449,128.9655997,공공기관-지방자치단체,수거식,Y,N,없음,N,N,없음,,2024-08-05,영천시,조교동,2014.0,False,False,False,False,False
3192,3193,공중화장실,법제3조제13호,영천야구장,경상북도 영천시 운동장로 158-28(화룡동),경상북도 영천시 화룡동 산37,2,3,0,0,0,0,5,0,0,영천시체육시설사업소,,상시,,2019-12,35.9760709,128.9242788,공공기관-지방자치단체,수세식,Y,Y,여자화장실,N,N,없음,,2024-08-05,영천시,화룡동,2019.0,False,False,True,False,False
3193,3194,공중화장실,법제3조제13호,영천게이트볼장,경상북도 영천시 운동장로 62,경상북도 영천시 교촌동 312,1,1,0,0,0,0,1,0,0,영천시체육시설사업소,,상시,,2009-03,35.9690107,128.9255518,공공기관-지방자치단체,수거식,Y,N,없음,N,N,없음,,2024-08-05,영천시,교촌동,2009.0,False,False,False,False,False
3194,3195,공중화장실,법제3조제5호,금노2공원 공중화장실,"경상북도 영천시 담안7길 34, 금노2공원 공중화장실 (금노동)",경상북도 영천시 금노동 604-104 금노2공원 공중화장실,3,3,0,0,0,0,6,0,0,영천시남부동행정복지센터,,상시,,2007-02,35.9591062,128.9319435,공공기관-지방자치단체,수세식,Y,Y,여자화장실,N,N,없음,,2024-08-05,영천시,금노동,2007.0,False,False,True,False,False
3195,3196,공중화장실,법제3조제4호,영천공설시장 공중화장실(3),경상북도 영천시 시장4길 47-2,경상북도 영천시 완산동 994-51,3,3,0,0,0,0,3,0,0,영천시일자리노사과,,상시,,2005-02,35.9647387,128.9385464,공공기관-지방자치단체,수세식,Y,Y,여자화장실,N,N,없음,,2024-08-05,영천시,완산동,2005.0,False,False,True,False,False
3196,3197,공중화장실,법제3조제4호,영천공설시장 공중화장실(2),,경상북도 영천시 완산동 1065-24,3,3,1,0,0,0,3,0,0,영천시일자리노사과,,상시,,2005-02,35.9646784,128.9370705,공공기관-지방자치단체,수세식,Y,Y,여자화장실,N,Y,남자화장실+여자화장실,,2024-08-05,영천시,완산동,2005.0,True,False,True,True,False
3197,3198,공중화장실,법제3조제4호,영천공설시장 공중화장실(1),경상북도 영천시 시장4길 52(완산동),경상북도 영천시 완산동 982-3,3,4,1,0,0,0,8,0,0,영천시일자리노사과,,상시,,2005-02,35.9642679,128.938571,공공기관-지방자치단체,수세식,Y,N,없음,N,N,없음,,2024-08-05,영천시,완산동,2005.0,False,False,False,True,False
3198,3199,공중화장실,법제3조제5호,그린환경센터 공중화장실,경상북도 영천시 바깥완산길 433,경상북도 영천시 완산동 산3-1,2,1,1,0,0,0,4,1,0,영천시자원순환과,,상시,,2020-09,35.9648047,128.9670657,공공기관-지방자치단체,수세식,Y,Y,여자화장실,N,N,없음,,2024-08-05,영천시,완산동,2020.0,False,False,True,True,False
3200,3201,공중화장실,법제3조제13호,그린환경센터체육공원공중화장실,,경상북도 영천시 완산동 16-1,1,3,1,0,0,0,4,0,0,영천시자원순환과,,상시,,2011-12,,,공공기관-지방자치단체,수세식,Y,Y,여자화장실,N,N,없음,,2024-08-05,영천시,완산동,2011.0,False,False,True,True,False
3201,3202,공중화장실,법제3조제5호,영천강변공원 공중화장실(2),경상북도 영천시 강변로 189-17,경상북도 영천시 완산동 1026-2,2,2,0,0,0,0,4,0,0,영천시공원관리사업소,,상시,,2011-10,35.9675569,128.9392193,공공기관-지방자치단체,수세식,Y,Y,여자화장실,N,N,없음,,2024-08-05,영천시,완산동,2011.0,False,False,True,False,False
3202,3203,공중화장실,법제3조제5호,숭렬당 공중화장실,경상북도 영천시 숭렬당길 1 (성내동),경상북도 영천시 성내동 9-2,1,2,0,0,0,0,2,0,0,영천시문화예술과,,상시,,2015-04,35.9664103,128.9289355,공공기관-지방자치단체,수세식,Y,Y,여자화장실,N,N,없음,,2024-08-05,영천시,성내동,2015.0,False,False,True,False,False
3203,3204,공중화장실,법제3조제5호,마현산공원 공중화장실,"경상북도 영천시 마현산길 92, 마현산공원 공중화장실 (교촌동)",경상북도 영천시 교촌동 11-14 마현산공원 공중화장실,1,2,0,0,0,0,3,0,0,영천시서부동행정복지센터,,상시,,2010-06,35.9707862,128.9264743,공공기관-지방자치단체,수세식,Y,Y,여자화장실,N,N,없음,,2024-08-05,영천시,교촌동,2010.0,False,False,True,False,False
3204,3205,공중화장실,법제3조제5호,영천강변공원 공중화장실(1),"경상북도 영천시 최무선로 364, 영천강변공원 공중화장실(1) (문외동)",경상북도 영천시 문외동 317 영천강변공원 공중화장실(1),3,5,1,0,0,0,7,0,0,영천시공원관리사업소,,상시,,2011-10,35.97037,128.938044,공공기관-지방자치단체,수세식,Y,Y,여자화장실,N,N,없음,,2024-08-05,영천시,문외동,2011.0,False,False,True,True,False
3205,3206,공중화장실,법제3조제5호,문내외2공원 공중화장실,"경상북도 영천시 무궁화길 3, 문내외2공원 공중화장실 (문외동)",경상북도 영천시 문외동 247-7 문내외2공원 공중화장실,1,1,0,0,1,0,3,0,1,영천시공원관리사업소,,상시,,2014-12,35.9727549,128.9349715,공공기관-지방자치단체,수세식,Y,Y,남자화장실+여자화장실,N,Y,여자화장실,2022-03,2024-08-05,영천시,문외동,2014.0,True,False,True,False,True
3206,3207,공중화장실,법제3조제5호,매산숲 공중화장실,경상북도 영천시 매산숲길 18(매산동),경상북도 영천시 매산동 1492-39,1,1,0,0,0,0,1,0,0,영천시중앙동행정복지센터,,상시,,2005-02,36.0361485,128.9187158,공공기관-지방자치단체,수거식,Y,N,없음,N,N,없음,,2024-08-05,영천시,매산동,2005.0,False,False,False,False,False
3207,3208,공중화장실,법제3조제5호,우로지생태공원 공중화장실,"경상북도 영천시 새천년공원길 49, 우로지생태공원 공중화장실 (망정동)",경상북도 영천시 망정동 8-25 우로지생태공원 공중화장실,3,4,1,0,0,0,4,1,0,영천시공원관리사업소,054-330-6891,상시,,2008-10,35.9826998,128.9577812,공공기관-지방자치단체,수세식,Y,Y,장애인화장실+여자화장실,N,Y,남자화장실+여자화장실,2020-11,2024-08-05,영천시,망정동,2008.0,True,False,True,True,False
3208,3209,공중화장실,법제3조제13호,단포강변체육공원 공중화장실(5),,경상북도 영천시 고경면 단포리 407-139,2,2,0,0,0,0,3,0,0,영천시새마을체육과,,상시,,2009-07,35.9790941,128.9677729,공공기관-지방자치단체,수세식,Y,N,없음,N,N,없음,,2024-08-05,영천시,고경면,2009.0,False,False,False,False,False
3209,3210,공중화장실,법제3조제13호,단포강변체육공원 공중화장실(4),,경상북도 영천시 조교동 883-104,2,2,0,0,0,0,3,0,0,영천시새마을체육과,,상시,,2009-07,35.9774422,128.9671967,공공기관-지방자치단체,수세식,Y,N,없음,N,N,없음,,2024-08-05,영천시,조교동,2009.0,False,False,False,False,False
3210,3211,공중화장실,법제3조제13호,단포강변체육공원 공중화장실(3),"경상북도 영천시 고경면 단포구보길 201, 단포강변체육공원 공중화장실(3)",경상북도 영천시 고경면 단포리 407-144 단포강변체육공원 공중화장실(3),1,2,0,0,0,0,4,0,0,영천시새마을체육과,,상시,,2018-12,35.9782048,128.9698178,공공기관-지방자치단체,수세식,Y,Y,여자화장실,N,N,없음,,2024-08-05,영천시,고경면,2018.0,False,False,True,False,False
3211,3212,공중화장실,법제3조제13호,단포강변체육공원 공중화장실(2),"경상북도 영천시 고경면 단포구보길 221, 단포강변체육공원 공중화장실(2)",경상북도 영천시 고경면 단포리 407-144 단포강변체육공원 공중화장실(2),2,2,0,0,0,0,5,0,0,영천시고경면행정복지센터,,상시,,2009-07,35.9719807,128.9696367,공공기관-지방자치단체,수세식,Y,N,없음,N,N,없음,,2024-08-05,영천시,고경면,2009.0,False,False,False,False,False
3212,3213,공중화장실,법제3조제13호,단포강변체육공원 공중화장실(1),"경상북도 영천시 고경면 단포구보길 233, 단포강변체육공원 공중화장실(1)",경상북도 영천시 고경면 단포리 407-144 단포강변체육공원 공중화장실(1),1,1,0,0,0,0,3,0,0,영천시고경면행정복지센터,,상시,,2019-07,35.9759664,128.9695389,공공기관-지방자치단체,수세식,Y,Y,여자화장실,N,N,없음,,2024-08-05,영천시,고경면,2019.0,False,False,True,False,False
3213,3214,공중화장실,법제3조제4호,황수탕 공중화장실,경상북도 영천시 고경면 용담로 1379-4,경상북도 영천시 고경면 덕정리 361번지,2,2,0,0,0,0,2,0,0,영천시고경면행정복지센터,,상시,,2005-02,35.927144,129.115194,공공기관-지방자치단체,수세식,Y,N,없음,N,N,없음,,2024-08-05,영천시,고경면,2005.0,False,False,False,False,False
3214,3215,공중화장실,법제3조제16호-영제3조제1항제2호,임고서원 공중화장실(2),,경상북도 영천시 임고면 양항리 461,2,3,0,0,0,0,6,0,0,영천시문화예술과,,상시,,2012-06,36.015694,128.973944,공공기관-지방자치단체,수세식,Y,Y,여자화장실,N,N,없음,,2024-08-05,영천시,임고면,2012.0,False,False,True,False,False
3215,3216,공중화장실,법제3조제16호-영제3조제1항제2호,임고서원 공중화장실(1),경상북도 영천시 임고면 포은로 453-13,경상북도 영천시 임고면 양항리 503,1,3,0,0,0,0,3,0,0,영천시문화예술과,,상시,,2012-06,36.01720194,128.9729062,공공기관-지방자치단체,수세식,Y,Y,여자화장실,N,N,없음,,2024-08-05,영천시,임고면,2012.0,False,False,True,False,False
3216,3217,공중화장실,법제3조제5호,곰들덤공원 공중화장실,,경상북도 영천시 임고면 선원리 909-159,2,3,0,0,0,0,4,1,0,영천시임고면행정복지센터,,상시,,2012-06,36.02814,128.9740321,공공기관-지방자치단체,수세식,Y,Y,여자화장실,N,Y,남자화장실+여자화장실,,2024-08-05,영천시,임고면,2012.0,True,False,True,True,False
3217,3218,공중화장실,법제3조제5호,임고강변공원 공중화장실(3),"경상북도 영천시 임고면 포은로 842-23, 임고강변공원 공중화장실(3)",경상북도 영천시 임고면 덕연리 132-4 임고강변공원 공중화장실(3),2,4,1,0,0,0,5,0,0,영천시공원관리사업소,,상시,,2009-06,36.0469569,128.9920877,공공기관-지방자치단체,수세식,Y,Y,장애인화장실,N,N,없음,,2024-08-05,영천시,임고면,2009.0,False,False,True,True,False
3218,3219,공중화장실,법제3조제5호,임고강변공원 공중화장실(2),"경상북도 영천시 임고면 포은로 842-15, 임고강변공원 공중화장실(2)",경상북도 영천시 임고면 덕연리 993-19 임고강변공원 공중화장실(2),1,2,0,0,0,0,3,0,0,영천시공원관리사업소,,상시,,2009-06,36.0470716,128.9915189,공공기관-지방자치단체,수세식,Y,Y,여자화장실,N,N,없음,,2024-08-05,영천시,임고면,2009.0,False,False,True,False,False
3219,3220,공중화장실,법제3조제5호,임고강변공원 공중화장실(1 여),경상북도 영천시 임고면 포은로 842-4,경상북도 영천시 임고면 덕연리 165-5,0,0,0,0,0,0,4,0,0,영천시공원관리사업소,,상시,,2009-06,36.0467955,128.989951,공공기관-지방자치단체,수세식,Y,Y,여자화장실,N,N,없음,,2024-08-05,영천시,임고면,2009.0,False,False,True,False,False
3220,3221,공중화장실,법제3조제5호,임고강변공원 공중화장실(1 남),경상북도 영천시 임고면 포은로 842-4,경상북도 영천시 임고면 덕연리 165-5,1,2,0,0,0,0,0,0,0,영천시공원관리사업소,,상시,,2009-06,36.0467955,128.989951,공공기관-지방자치단체,수세식,Y,N,없음,N,N,없음,,2024-08-05,영천시,임고면,2009.0,False,False,False,False,False
3221,3222,공중화장실,법제3조제5호,영천댐공원 공중화장실(2),경상북도 영천시 임고면 신방로 19,경상북도 영천시 임고면 삼매리 68-1,3,4,1,0,0,0,7,1,0,영천시공원관리사업소,,상시,,2014-05,36.0583042,129.012125,공공기관-지방자치단체,수세식,Y,N,없음,N,N,없음,,2024-08-05,영천시,임고면,2014.0,False,False,False,True,False
3222,3223,공중화장실,법제3조제5호,영천댐공원 공중화장실(1),경상북도 영천시 임고면 신방로 19,경상북도 영천시 임고면 삼매리 68-1,4,7,1,0,0,0,11,1,0,영천시공원관리사업소,,상시,,2014-05,36.0558702,129.0106963,공공기관-지방자치단체,수세식,Y,Y,여자화장실,N,N,없음,,2024-08-05,영천시,임고면,2014.0,False,False,True,True,False
3223,3224,공중화장실,법제3조제1호,충효리 공중화장실,경상북도 영천시 자양면 포은로 2456,경상북도 영천시 자양면 충효리 535-5,1,1,0,0,0,0,2,0,0,영천시자양면행정복지센터,,상시,,2009-03,36.1068678,129.0746924,공공기관-지방자치단체,수거식,Y,N,없음,N,N,없음,,2024-08-05,영천시,자양면,2009.0,False,False,False,False,False
3224,3225,공중화장실,법제3조제1호,도일리 공중화장실,경상북도 영천시 자양면 도일리 14-9,경상북도 영천시 자양면 도일리 456,1,1,0,0,0,0,2,0,0,영천시자양면행정복지센터,,상시,,2009-03,36.1102186,129.0799825,공공기관-지방자치단체,수거식,Y,N,없음,N,N,없음,,2024-08-05,영천시,자양면,2009.0,False,False,False,False,False
3225,3226,공중화장실,법제3조제1호,망향공원 공중화장실,경상북도 영천시 자양면 포은로 1674,경상북도 영천시 자양면 성곡리 431-1,1,1,0,0,0,0,2,0,0,영천시자양면행정복지센터,,상시,,2013-12,36.0766583,129.0224292,공공기관-지방자치단체,수세식,Y,N,없음,N,N,없음,,2024-08-05,영천시,자양면,2013.0,False,False,False,False,False
3226,3227,공중화장실,법제3조제5호,화남공동집하장소공원공중화장실,"경상북도 영천시 화남면 신화로 1196, 화남농산물집하장",경상북도 영천시 화남면 삼창리 855-2 화남농산물집하장,2,2,0,0,0,0,4,0,0,영천시화남면행정복지센터,,상시,,2010-04,36.0589019,128.8909224,공공기관-지방자치단체,수세식,Y,Y,여자화장실,N,N,없음,,2024-08-05,영천시,화남면,2010.0,False,False,True,False,False
3227,3228,공중화장실,법제3조제1호,보현산웰빙숲 공중화장실,경상북도 영천시 화북면 정각길 232-8,경상북도 영천시 화북면 정각리 산218-3,1,1,0,0,0,0,2,0,0,영천시화북면행정복지센터,,상시,,2010-04,36.1573653,128.9975144,공공기관-지방자치단체,수거식,Y,N,없음,N,N,없음,,2024-08-05,영천시,화북면,2010.0,False,False,False,False,False
3228,3229,공중화장실,법제3조제13호,다목적광장 공중화장실,경상북도 영천시 화북면 천문로 2150,경상북도 영천시 화북면 자천리 1266-11,2,3,0,0,0,0,3,0,0,영천시화북면행정복지센터,,상시,,2007-12,36.1025221,128.9142272,공공기관-지방자치단체,수세식,Y,Y,여자화장실,N,N,없음,,2024-08-05,영천시,화북면,2007.0,False,False,True,False,False
3229,3230,공중화장실,법제3조제4호,신녕공설시장 공중화장실(2),경상북도 영천시 신녕면 본관시장길 7,경상북도 영천시 신녕면 화성리 972-1,2,3,0,0,0,0,2,0,0,영천시신녕면행정복지센터,,상시,,2013-06,36.04101793,128.7875421,공공기관-지방자치단체,수세식,Y,Y,여자화장실,N,N,없음,,2024-08-05,영천시,신녕면,2013.0,False,False,True,False,False
3230,3231,공중화장실,법제3조제4호,신녕공설시장 공중화장실(1),"경상북도 영천시 신녕면 본관시장길 26-5, 정보화센터",경상북도 영천시 신녕면 화성리 868-5 정보화센터,3,2,0,0,0,0,5,0,0,영천시신녕면행정복지센터,,상시,,2013-05,36.0424019,128.7875089,공공기관-지방자치단체,수세식,Y,Y,여자화장실,N,N,없음,,2024-08-05,영천시,신녕면,2013.0,False,False,True,False,False
3231,3232,공중화장실,법제3조제1호,치산관광지 공중화장실(3) 하,경상북도 영천시 신녕면 치산관광길 246,경상북도 영천시 신녕면 치산리 1950-1,1,1,0,0,0,0,1,0,0,영천시관광진흥과,,상시,,2013-05,36.0506499,128.7113451,공공기관-지방자치단체,수세식,Y,N,없음,N,N,없음,,2024-08-05,영천시,신녕면,2013.0,False,False,False,False,False
3232,3233,공중화장실,법제3조제1호,치산관광지 공중화장실(2) 중앙,경상북도 영천시 신녕면 치산관광길 263,경상북도 영천시 치산리 1323,3,4,0,0,0,0,6,0,0,영천시관광진흥과,,상시,,2012-05,36.0497026,128.7129058,공공기관-지방자치단체,수세식,Y,Y,여자화장실,N,N,없음,,2024-08-05,영천시,치산리,2012.0,False,False,True,False,False
3233,3234,공중화장실,법제3조제1호,치산관광지 공중화장실(1) 상,경상북도 영천시 신녕면 치산관광길 323,경상북도 영천시 신녕면 치산리 산255,3,4,0,0,0,0,6,0,0,영천시관광진흥과,,상시,,2011-06,36.0444393,128.7149785,공공기관-지방자치단체,수세식,Y,Y,여자화장실,N,N,없음,,2024-08-05,영천시,신녕면,2011.0,False,False,True,False,False
3234,3235,공중화장실,법제3조제2호,은해사 절입구 공중화장실(2),경상북도 영천시 청통면 청통로 952,경상북도 영천시 청통면 치일리 산25-37,2,2,1,1,0,0,5,1,0,영천시청통면행정복지센터,,상시,,2014-06,35.9903776,128.7947663,공공기관-지방자치단체,수세식,Y,N,없음,N,N,없음,,2024-08-05,영천시,청통면,2014.0,False,False,False,True,False
3235,3236,공중화장실,법제3조제2호,은해사 주차장 공중화장실(1),"경상북도 영천시 청통면 청통로 893, 은해사 주차장 공중화장실(1)",경상북도 영천시 청통면 치일리 307-14 은해사 주차장 공중화장실(1),4,4,1,1,0,0,14,1,0,영천시청통면행정복지센터,,상시,,2012-10,35.9905377,128.7997346,공공기관-지방자치단체,수세식,Y,Y,장애인화장실+여자화장실,N,N,없음,,2024-08-05,영천시,청통면,2012.0,False,False,True,True,False
3236,3237,공중화장실,법제3조제5호,냉천강변 공중화장실,"경상북도 영천시 금호읍 금호로 102-64, 냉천강변공중화장실",경상북도 영천시 금호읍 냉천리 687-2 냉천강변공중화장실,2,2,0,0,0,0,2,0,0,영천시공원관리사업소,,상시,,2012-05,35.9318431,128.8780118,공공기관-지방자치단체,수세식,Y,Y,여자화장실,N,N,없음,,2024-08-05,영천시,금호읍,2012.0,False,False,True,False,False
3237,3238,공중화장실,법제3조제5호,금호소공원 공중화장실(2),경상북도 영천시 금호읍 교대리 211-7,경상북도 영천시 금호읍 교대리 211-7,1,2,0,0,0,0,3,0,0,영천시금호읍행정복지센터,,상시,,2013-11,35.9318799,128.8709021,공공기관-지방자치단체,수세식,Y,N,없음,N,N,없음,,2024-08-05,영천시,금호읍,2013.0,False,False,False,False,False
3238,3239,공중화장실,법제3조제5호,금호소공원 공중화장실(1),"경상북도 영천시 금호읍 교대1길 24, 금호소공원공중화장실",경상북도 영천시 금호읍 교대리 173-6 금호소공원공중화장실,1,3,0,0,0,0,4,0,0,영천시금호읍행정복지센터,,상시,,2013-11,35.9328541,128.8747899,공공기관-지방자치단체,수세식,Y,Y,여자화장실,N,N,없음,,2024-08-05,영천시,금호읍,2013.0,False,False,True,False,False
3239,3240,공중화장실,법제3조제4호,금호공설시장 공중화장실,경상북도 영천시 금호읍 금호로 101,경상북도 영천시 금호읍 교대리 167-35,3,5,1,0,0,0,8,1,0,영천시금호읍행정복지센터,,상시,,2013-11,35.9317333,128.8733351,공공기관-지방자치단체,수세식,Y,Y,장애인화장실+여자화장실,N,N,없음,,2024-08-05,영천시,금호읍,2013.0,False,False,True,True,False
3240,3241,공중화장실,법제3조제16호-영제3조제1항제5호,영천별빛유아숲체험원공중화장실,,경상북도 영천시 망정동 산14-5,1,1,1,1,0,0,2,0,0,영천시산림과,,상시,,2021-08,35.9890374,128.9506648,공공기관-지방자치단체,수세식,Y,Y,장애인화장실,N,N,없음,,2024-08-05,영천시,망정동,2021.0,False,False,True,True,False
3241,3242,공중화장실,법제3조제13호,완산1통 공중화장실,,경상북도 영천시 완산동 1269-1,1,1,0,0,0,0,1,0,0,영천시새마을체육과,,상시,,2021-01,35.9650059,128.9542347,공공기관-지방자치단체,수거식,Y,Y,여자화장실,N,N,없음,,2024-08-05,영천시,완산동,2021.0,False,False,True,False,False
3242,3243,공중화장실,법제3조제13호,영천그라운드골프장 공중화장실,,경상북도 영천시 금노동 527-1,2,3,0,0,0,0,5,0,0,영천시새마을체육과,,상시,,2021-06,35.9631325,128.9318661,공공기관-지방자치단체,수세식,Y,N,없음,N,N,없음,,2024-08-05,영천시,금노동,2021.0,False,False,False,False,False
3243,3244,공중화장실,법제3조제5호,영천댐공원 공중화장실(3),경상북도 영천시 임고면 신방로 19,경상북도 영천시 임고면 삼매리 68-1,2,2,1,0,0,0,4,1,0,영천시공원관리사업소,,상시,,2021-12,36.0585124,129.011893,공공기관-지방자치단체,수세식,Y,N,없음,N,N,없음,,2024-08-05,영천시,임고면,2021.0,False,False,False,True,False
3244,3245,공중화장실,법제3조제5호,영천강변공원 공중화장실(3),경상북도 영천시 장천1길 18-3,경상북도 영천시 조교동 883-1,2,2,1,0,0,0,3,0,0,영천시공원관리사업소,,상시,,2021-01,35.9694332,128.9519485,공공기관-지방자치단체,수세식,Y,N,없음,N,N,없음,,2024-08-05,영천시,조교동,2021.0,False,False,False,True,False
3245,3246,공중화장실,법제3조제5호,영천강변공원 공중화장실(4),,경상북도 영천시 완산동 643-3,2,2,1,0,0,0,3,0,0,영천시공원관리사업소,,상시,,2021-01,35.9680644,128.9490941,공공기관-지방자치단체,수세식,Y,N,없음,N,N,없음,,2024-08-05,영천시,완산동,2021.0,False,False,False,True,False
3246,3247,공중화장실,법제3조제13호,파크골프장(2),,경상북도 영천시 조교동 883-191,2,2,0,0,0,0,3,0,0,영천시새마을체육과,,상시,,2018-01,35.969492,128.9663055,공공기관-지방자치단체,수거식,Y,N,없음,N,N,없음,,2024-08-05,영천시,조교동,2018.0,False,False,False,False,False
3247,3248,공중화장실,법제3조제13호,화산체육공원,,경상북도 영천시 화산면 유성리 1617,2,2,0,0,0,0,4,0,0,영천시화산면행정복지센터,,상시,,2017-01,36.0190466,128.8578549,공공기관-지방자치단체,수세식,Y,N,없음,N,N,없음,,2024-08-05,영천시,화산면,2017.0,False,False,False,False,False
3248,3249,공중화장실,법제3조제5호,성황산공원,,경상북도 영천시 신녕면 화성리 732-2,1,1,1,0,0,0,3,1,0,영천시신녕면행정복지센터,,상시,,2018-01,36.0469381,128.7883392,공공기관-지방자치단체,수세식,Y,Y,여자화장실,N,N,없음,,2024-08-05,영천시,신녕면,2018.0,False,False,True,True,False
3249,3250,공중화장실,법제3조제1호,중앙공원,"경상북도 영천시 문외3길 8, 중앙공원 공중화장실 (문외동)",경상북도 영천시 문외동 155-1 중앙공원 공중화장실,1,2,1,0,0,0,3,1,0,영천시중앙동행정복지센터,,상시,,2018-01,35.9704964,128.9352821,공공기관-지방자치단체,수세식,Y,Y,장애인화장실+남자화장실+여자화장실,N,N,없음,,2024-08-05,영천시,문외동,2018.0,False,False,True,True,False
3250,3251,공중화장실,법제3조제5호,금호강강변공원,"경상북도 영천시 남촌강변길 72-6, 금호강 강변공원 공중화장실 (금노동)",경상북도 영천시 금노동 618-131 금호강 강변공원 공중화장실,1,2,0,0,0,0,3,0,0,영천시공원관리사업소,,상시,,2018-01,35.9555496,128.9243421,공공기관-지방자치단체,수세식,Y,Y,여자화장실,N,N,없음,,2024-08-05,영천시,금노동,2018.0,False,False,True,False,False
3251,3252,공중화장실,법제3조제5호,충혼탑,"경상북도 영천시 왕평길 28-7, 충혼탑 공중화장실 (교촌동)",경상북도 영천시 교촌동 308-11 충혼탑 공중화장실,2,2,0,0,0,0,4,0,0,영천시서부동행정복지센터,,상시,,2018-01,35.9678003,128.926056,공공기관-지방자치단체,수세식,Y,Y,여자화장실,N,N,없음,,2024-08-05,영천시,교촌동,2018.0,False,False,True,False,False
3252,3253,공중화장실,법제3조제5호,어린이소공원 화장실,,경상북도 영천시 금호읍 교대리 211-7,1,2,1,0,0,0,3,1,0,영천시금호읍행정복지센터,,상시,,2019-06,35.9318799,128.870891,공공기관-지방자치단체,수세식,Y,Y,여자화장실,N,N,없음,,2024-08-05,영천시,금호읍,2019.0,False,False,True,True,False
3253,3254,공중화장실,법제3조제2호,보현산천문대 공중화장실,경상북도 영천시 화북면 정각길 862,경상북도 영천시 화북면 정각리 산6-1,1,1,0,0,0,0,4,0,0,영천시화북면행정복지센터,,상시,,2018-09,36.1668021,128.9809215,공공기관-지방자치단체,수거식,Y,N,없음,N,N,없음,,2024-08-05,영천시,화북면,2018.0,False,False,False,False,False
3254,3255,개방화장실,법제3조제16호-영제3조제1항제1호,북안면행정복지센터,"경상북도 영천시 북안면 운북로 1995, 북안면사무소",경상북도 영천시 북안면 고지리 549-1,3,5,0,0,0,0,4,0,0,영천시북안면행정복지센터,,정시,정시(09:00∼18:00),2019-01,35.9153994,129.0091606,공공기관-지방자치단체,수세식,Y,N,없음,N,N,없음,,2024-08-05,영천시,북안면,2019.0,False,False,False,False,False
3255,3256,개방화장실,법제3조제16호-영제3조제1항제1호,화북면행정복지센터,경상북도 영천시 화북면 화북길 93,경상북도 영천시 화북면 자천리 1470,3,4,0,0,0,0,2,0,0,영천시화북면행정복지센터,,정시,정시(09:00∼18:00),1995-01,36.1082961,128.9193743,공공기관-지방자치단체,수세식,Y,N,없음,N,N,없음,,2024-08-05,영천시,화북면,1995.0,False,False,False,False,False
3256,3257,개방화장실,법제3조제16호-영제3조제1항제1호,중앙동행정복지센터,경상북도 영천시 천문로 402-4,경상북도 영천시 문내동 2-4,1,2,0,0,0,0,1,0,0,영천시중앙동행정복지센터,,정시,정시(09:00∼18:00),2007-01,35.9734061,128.9298232,공공기관-지방자치단체,수세식,Y,N,없음,N,N,없음,,2024-08-05,영천시,문내동,2007.0,False,False,False,False,False
3257,3258,개방화장실,법제3조제16호-영제3조제1항제2호,영천전통문화체험관,"경상북도 영천시 운동장로 54, 영천민속관 (교촌동)",경상북도 영천시 교촌동 288-4,4,4,0,0,0,0,6,0,0,영천시문화예술과,,정시,정시(09:00∼18:00),2019-05,35.9675989,128.9244269,공공기관-지방자치단체,수세식,Y,N,없음,N,Y,남자화장실+여자화장실,,2024-08-05,영천시,교촌동,2019.0,True,False,False,False,False
3258,3259,개방화장실,법제3조제16호-영제3조제1항제1호,완산동행정복지센터,"경상북도 영천시 완산2길 9, 완산동주민센터 (완산동)",경상북도 영천시 완산동 994,2,4,0,0,0,0,4,0,0,영천시완산동행정복지센터,,정시,정시(09:00∼18:00),1993-01,35.9648537,128.9396265,공공기관-지방자치단체,수세식,Y,N,없음,N,N,없음,,2024-08-05,영천시,완산동,1993.0,False,False,False,False,False
3259,3260,개방화장실,법제3조제16호-영제3조제1항제1호,신녕면행정복지센터,"경상북도 영천시 신녕면 화성중앙길 30, 신녕면사무소",경상북도 영천시 신녕면 화성리 419,6,6,0,0,0,0,7,0,0,영천시신녕면행정복지센터,,정시,정시(09:00∼18:00),2015-05,36.0453449,128.7897514,공공기관-지방자치단체,수세식,Y,N,없음,N,N,없음,,2024-08-05,영천시,신녕면,2015.0,False,False,False,False,False
3260,3261,개방화장실,법제3조제16호-영제3조제1항제1호,동부동행정복지센터,"경상북도 영천시 상록4길 63, 동부동주민센터 (야사동)",경상북도 영천시 야사동 334-18,2,4,0,0,0,0,2,0,0,영천시동부동행정복지센터,,정시,정시(09:00∼18:00),1991-01,35.9745208,128.9425821,공공기관-지방자치단체,수세식,Y,N,없음,N,N,없음,,2024-08-05,영천시,야사동,1991.0,False,False,False,False,False
