이름,주소,위도,경도,읍면동,테마
NAVID(나비드),"경상북도 영천시 신녕면 치산관광길 175, 1층",36.05565671,128.7160181,신녕면,카페
가론,경상북도 영천시 청통면 청통로 146,35.9918347,128.8749878,청통면,카페
감성커피 영천시청점,경상북도 영천시 충효로 81 (문외동),35.97376409,128.9380887,문외동,카페
곰돌이탕후루,"경상북도 영천시 무궁화길 31, 1층 (문외동)",35.97334539,128.9363097,문외동,카페
공차 영천시청점,"경상북도 영천시 충효로 75, 1층 (문외동)",35.97339131,128.9373525,문외동,카페
카페움,경상북도 영천시 강변로 4 (성내동),35.96250184,128.9236761,성내동,카페
느루,"경상북도 영천시 문외1길 23, 104호 (문외동)",35.9703098,128.9349322,문외동,카페
단아,"경상북도 영천시 천문로 485, 동의참누리원영천한의마을 카페테리아 (화룡동)",35.97785256,128.9222696,화룡동,카페
달콤(Dal.Komm),경상북도 영천시 청통면 청통로 334-42,35.99395053,128.8591071,청통면,카페
담숨,"경상북도 영천시 대창면 금창로 1095-60, 나무와 학교",35.86858579,128.9412194,대창면,카페
더드림커피 영천신녕점,"경상북도 영천시 신녕면 장수로 1607, 전면 우측 두번째 상가 (11)호",36.03534367,128.7901813,신녕면,카페
더렁즈커피,경상북도 영천시 서문길 97-3 (교촌동),35.96648103,128.9277581,교촌동,카페
더리터 영천한신점,"경상북도 영천시 망정1길 174, 정암빌딩 113호 (망정동)",35.98140772,128.9517077,망정동,카페
더벤티 영천점,경상북도 영천시 시장로 41 (완산동),35.96352435,128.9347745,완산동,카페
더브릿지 카페,"경상북도 영천시 화북면 배나무정길 14, (입석리)",36.13618297,128.9505762,화북면,카페
더블류콜렉션,"경상북도 영천시 중앙동1길 52, 1층 (문외동)",35.97408815,128.9335243,중앙동,카페
듀잇(DEW IT),"경상북도 영천시 언하공단로 91-14, 1,2층 (망정동)",35.98500176,128.954235,망정동,카페
디카프리 완산,경상북도 영천시 강남길 49 (완산동),35.96633767,128.9380672,완산동,카페
로아카페,"경상북도 영천시 신녕면 장수로 1617, 1층 전면 우측 2번째호",36.03608743,128.7894675,신녕면,카페
루머팡(커피숍),경상북도 영천시 천문로 55 (도동),35.94352592,128.9288305,도동,카페
리버뷰,"경상북도 영천시 최무선로 318, 1층 (문외동)",35.96818928,128.9340978,문외동,카페
마누리커피,경상북도 영천시 임고면 승마휴양림길 62-16,36.03070484,128.9985374,임고면,카페
마시담,"경상북도 영천시 약초시장길 5, 영천약초시장 E동 115호 (도동)",35.94239714,128.9314329,도동,카페
마실커피숍,"경상북도 영천시 신녕면 치산효령로 2, 1층",36.04354618,128.7873225,신녕면,카페
마실커피화남점,경상북도 영천시 화남면 천문로 1709-2,36.06734214,128.8995585,화남면,카페
멍 애견카페,경상북도 영천시 임고면 포은로 185,35.99388038,128.9664752,임고면,카페
메가엠지씨커피 영천IC점,"경상북도 영천시 영천아이시로 42, 주2동 1층 (봉동)",35.93521177,128.9443704,봉동,카페
메가엠지씨커피 영천시청점,경상북도 영천시 충효로 75-2 (문외동),35.97351566,128.9375868,문외동,카페
메르아포레,"경상북도 영천시 산업단지로 314, 2층 (봉동)",35.93263817,128.9484179,봉동,카페
멜빈커피,"경상북도 영천시 시장로 120, 완산골드타워 113호 (완산동)",35.96347199,128.9437538,완산동,카페
모네,"경상북도 영천시 금호읍 거여로 426-5, 화랑설화마을",35.92838829,128.9224696,금호읍,카페
모닝웨이,"경상북도 영천시 완산5길 25, 102호 (완산동, 완산미소지움)",35.96744519,128.9416503,완산동,카페
몬스터커피 영천완산e편한세상점,"경상북도 영천시 시장로 106, 105,106(일부)호 (완산동)",35.96338795,128.9418349,완산동,카페
몽글몽글,"경상북도 영천시 야사시장길 42, 103호 (야사동)",35.97321807,128.947917,야사동,카페
민정사주카페,경상북도 영천시 금완로 39 (금노동),35.96057684,128.9325003,금노동,카페
바빈스커피 완산점,"경상북도 영천시 완산중앙3길 29-1, 1층 (완산동)",35.96249613,128.9371791,완산동,카페
별내린 커피,경상북도 영천시 화남면 천문로 1506,36.05251089,128.8930409,화남면,카페
별담은호수,경상북도 영천시 화북면 은하수길 27,36.12995937,128.9534562,화북면,카페
보현산 녹색체험터 그린카페(카페브리즈),"경상북도 영천시 화북면 천문로 2178, 자천중학교 보현산녹색체험터",36.10565105,128.916722,화북면,카페
보현산 전망대카페,"경상북도 영천시 화북면 천문로 2610, 별빛전망대 3층",36.12702695,128.952743,화북면,카페
봄봄(영천점),"경상북도 영천시 충효로 62, 1층 (문외동)",35.97256005,128.9364667,문외동,카페
봉봉(bonbon),"경상북도 영천시 완산8길 3, 104호 (완산동)",35.96164319,128.9413596,완산동,카페
블루웨이 영천점,"경상북도 영천시 중앙동1길 129, 2층 (문내동)",35.97446325,128.9304906,중앙동,카페
빽다방 영천시청점,경상북도 영천시 충효로 74 (문외동),35.973218,128.9376165,문외동,카페
빽다방 영천완산점,경상북도 영천시 시장로 53 (완산동),35.96359551,128.9360502,완산동,카페
산과보롬,"경상북도 영천시 중앙동1길 103, 106호 (문내동)",35.97499502,128.93165,중앙동,카페
살롱 드 제이드,경상북도 영천시 금호읍 금호로 30,35.92948271,128.8651456,금호읍,카페
샐리(sally),경상북도 영천시 중앙동4길 20 (문외동),35.97316945,128.9334469,중앙동,카페
서원앞,경상북도 영천시 임고면 포은로 446,36.01629192,128.974659,임고면,카페
설렘디저트,"경상북도 영천시 호국로 93-1, 2층 (야사동)",35.97514095,128.9475187,야사동,카페
성아케이크,"경상북도 영천시 창신1길 35, 104호 (망정동, 아이존빌상가 )",35.98992668,128.9526087,망정동,카페
세븐일레븐 영천북안터미널점,경상북도 영천시 북안면 운북로 2032-1,35.91867061,129.008848,북안면,카페
소디스커피,경상북도 영천시 창신2길 27 (망정동),35.98867631,128.95683,망정동,카페
속닥속닥,"경상북도 영천시 금호읍 금호시장길 19, 1층",35.9323609,128.8758935,금호읍,카페
수 갤러리&카페,경상북도 영천시 임고면 포은로 782,36.04265862,128.9851274,임고면,카페
스러운,경상북도 영천시 청산길 24 (전면 좌측 세번째호) 103호 (문외동),35.97350258,128.9358015,전면,카페
스타벅스영천완산디티(DT),"경상북도 영천시 영화로 272, 1,2층 (완산동)",35.9669897,128.9491175,완산동,카페
스타티오,"경상북도 영천시 운동장로 94, 영천시종합스포츠센터 1층 (교촌동)",35.97119228,128.9234116,운동,카페
시애틀,경상북도 영천시 조양길 3 (문내동),35.96805372,128.9329875,문내동,카페
쓰리에이치 카페,경상북도 영천시 망정로 30 (망정동),35.97917473,128.953699,망정동,카페
아버케이크(ARBOR CAKE),"경상북도 영천시 문외1길 47, 1층 (문외동)",35.97129756,128.9342453,문외동,카페
아벨리안 영남대학교병원점,경상북도 영천시 오수1길 10 (오수동),35.95708746,128.9127824,오수동,카페
안녕 첫즙(#안녕_첫즙),경상북도 영천시 호국로 54 (야사동),35.97303495,128.9437126,야사동,카페
어울림센터 운영위원회(어울림카페),"경상북도 영천시 금호읍 교대1길 22, 주1동",35.93255566,128.875142,금호읍,카페
에그마카슈,"경상북도 영천시 역전로 51-3, 1층 (완산동)",35.96052768,128.9387966,완산동,카페
에멍쁘아,경상북도 영천시 천문로 524-52 (오미동),35.98239901,128.9252612,오미동,카페
영천상회(카페),경상북도 영천시 완산로 18 (영천역 방향 2번째호) (완산동),35.961704,128.9393537,완산동,카페
영천이마트 더카페,"경상북도 영천시 최무선로 83 (오수동, 이마트내)",35.95843357,128.9099932,오수동,카페
영천카페 웰시,"경상북도 영천시 포교당뒷길 1, 전면 좌측호 (교촌동)",35.96547467,128.9261942,전면,카페
영천호국정 커피점,"경상북도 영천시 고경면 호국로 1720, 국립영천호국원",35.98182148,129.1099842,고경면,카페
옹'S 베이커리 카페,경상북도 영천시 중앙동3길 88 (문내동),35.97390855,128.929963,중앙동,카페
옹그릭,경상북도 영천시 금호읍 금호로 149-2,35.93269778,128.877892,금호읍,카페
외따로,"경상북도 영천시 교촌길 4-1, 1층 (창구동)",35.96974319,128.9301469,창구동,카페
요거트월드,"경상북도 영천시 충효로 93, 무궁화타운 9호 (문외동)",35.9742781,128.9392035,문외동,카페
우즈베이커리 영천점,"경상북도 영천시 호국로 155, 1,2층 (조교동)",35.97665668,128.9541344,조교동,카페
윈느타임(unetime),"경상북도 영천시 임고면 운주로 14, 2층",36.01656135,128.9758827,임고면,카페
이다숲,"경상북도 영천시 구읍1길 41, 1층 (완산동)",35.96110498,128.935278,구읍,카페
이디야커피 영천장천점,"경상북도 영천시 장천길 9, 1,2층 (조교동)",35.97028924,128.9512858,조교동,카페
이디야커피 완산점,"경상북도 영천시 시장로 128, 1층(104,105호), 2층(202호)호 (완산동)",35.96354751,128.9444643,완산동,카페
쟈빠따 베이커리 영천완산점,"경상북도 영천시 시장로 96, 고은스퀘어 1층(1022~1026호), 2층(2006~2008호)호 (완산동)",35.96300897,128.9407439,완산동,카페
정,"경상북도 영천시 신녕면 갑티로 132, 1층",36.08972786,128.727543,신녕면,카페
주식회사 소울향,"경상북도 영천시 청산3길 15, 1층 (문외동)",35.97469563,128.9376784,문외동,카페
주커피영천금호,경상북도 영천시 금호읍 금호로 32,35.92949881,128.8654118,금호읍,카페
준엔커피(jun&coffee),"경상북도 영천시 최무선로 125, 그린주유소 (오수동)",35.96080862,128.9152975,오수동,카페
착한까페,경상북도 영천시 천문로 398 (문내동),35.97301851,128.9296753,문내동,카페
청춘문화공간 썰툰(본점),"경상북도 영천시 시청로 5, 1층 (문외동)",35.97133899,128.9381708,문외동,카페
카고커피(Car Go Coffee),경상북도 영천시 영천산단로 359 (채신동),35.91435297,128.9481661,채신동,카페
카페 나무,"경상북도 영천시 고경면 백소길 66-2, 1층",35.99532512,129.0445388,고경면,카페
카페 봄봄 영천 2호점,"경상북도 영천시 언하공단로 83, 102호 (망정동)",35.98590958,128.9545453,망정동,카페
카페 빈티지 얀테,"경상북도 영천시 호국로 56, 1층 (야사동)",35.97320356,128.9440472,야사동,카페
카페 어울림,"경상북도 영천시 청산길 83, 영천중문교회 일부 (문외동)",35.97548434,128.9382421,문외동,카페
카페 휘가람,"경상북도 영천시 화남면 천문로 1502-10, 1,2층",36.05207094,128.8940237,화남면,카페
카페다인에,"경상북도 영천시 문화새길 68, 1층 (야사동)",35.9714813,128.9475747,야사동,카페
카페라샹떼(Cafe la sante),경상북도 영천시 청통면 은해사로 208-25,35.98998221,128.7969144,청통면,카페
카페봄봄 서문점,경상북도 영천시 최무선로 204 (성내동),35.96261331,128.9232451,성내동,카페
카페봄봄 영천금호점,"경상북도 영천시 금호읍 금호로 73, 1층",35.93080126,128.869759,금호읍,카페
카페비다,"경상북도 영천시 백신애길 2, 2층 (과전동)",35.96693059,128.9290606,과전동,카페
카페우내,경상북도 영천시 임고면 매호운천길 13-40,35.99759341,128.9642691,임고면,카페
카페채채,"경상북도 영천시 중앙동1길 80, 영천시 시립도서관 1층 (문외동)",35.9754532,128.9329971,중앙동,카페
커피나라 빙수왕,"경상북도 영천시 중앙동1길 28, 1층 (문외동)",35.97313653,128.9342005,중앙동,카페
커피마시기 좋은 날,경상북도 영천시 호국로 55-3 (야사동),35.97349351,128.9438511,야사동,카페
커피베이 영천금호점,경상북도 영천시 금호읍 금호로 137-1,35.93238291,128.8765808,금호읍,카페
커피앤 커피,"경상북도 영천시 금호읍 금호로 165, 1층",35.93333634,128.8793065,금호읍,카페
커피왕,경상북도 영천시 언하공단로 84 (망정동),35.98634242,128.9545173,망정동,카페
커피특별시 완산점,"경상북도 영천시 완산로 20, 101(상가)동 104호 (완산동, 윤창BH홈타운)",35.96196378,128.9395564,완산동,카페
컴포즈커피,"경상북도 영천시 시장로 96, 고은스퀘어 1018호 (완산동)",35.96300897,128.9407439,완산동,카페
컴포즈커피 영천망정점,"경상북도 영천시 창신1길 42, 8호 (망정동, 인터불고코아루아파트)",35.99078106,128.9551032,망정동,카페
크로플덕 오리아가씨,"경상북도 영천시 충효로 111, 1층 전면좌측호 (야사동)",35.97518437,128.9408664,전면,카페
투썸플레이스 시청점,경상북도 영천시 충효로 60 (문외동),35.9723188,128.9361977,문외동,카페
투썸플레이스 영천 동부점,경상북도 영천시 호국로 126 (망정동),35.97554454,128.9511826,망정동,카페
티플커피 앤타로,경상북도 영천시 시장로 45-1 (완산동),35.96356526,128.9353071,완산동,카페
파스쿠찌 영천시청점,경상북도 영천시 충효로 50 (문외동),35.9720461,128.9353408,문외동,카페
퍼즐커피,"경상북도 영천시 강남길 28, 1층 (완산동)",35.96470044,128.9365179,완산동,카페
페이즈나인(phase9),"경상북도 영천시 화남면 천문로 1765-10, 1~2층",36.07232829,128.9028682,화남면,카페
푸르름디저트,"경상북도 영천시 충효로 114, 1층층 전면좌측호 (야사동)",35.97490229,128.9412068,전면,카페
하삼동 커피,"경상북도 영천시 망정1길 174, 정암빌딩 111호 (망정동)",35.98140772,128.9517077,망정동,카페
하이빙수 영천점,"경상북도 영천시 조양길 49-2, 1층 102호 (문내동)",35.97021114,128.9325583,문내동,카페
할미돌,경상북도 영천시 북안면 돌할매로 467,35.9392403,129.0443534,북안면,카페
핸즈커피 영천시청점,경상북도 영천시 시청남길 6 (문외동),35.97192988,128.9386767,문외동,카페
호국로 111,"경상북도 영천시 호국로 111, 1층 (망정동)",35.97565677,128.9495318,망정동,카페
홍루이젠 경북영천점,"경상북도 영천시 영화로 349, 1층 (망정동)",35.97339555,128.9516779,망정동,카페
황금다방,"경상북도 영천시 완산중앙9길 18, 1층 (완산동)",35.96269499,128.9382569,완산동,카페
천문대별빛정원,경상북도 영천시 화북면 정각길 150,36.1509458971604,128.996686576205,화북면,캠핑장
별밤글램핑,경상북도 영천시 임고면 포은로 814,36.0452461168584,128.988421964741,임고면,캠핑장
두드림 캠핑장,경상북도 영천시 청통면 구정길 53-77,35.9795526299331,128.826613010796,청통면,캠핑장
삼밭골글램핑,경상북도 영천시 삼밭골길 107 (야사동),35.989313152623,128.93964436249,야사동,캠핑장
영천 솔롱고 글램핑,경상북도 영천시 금호읍 칠백로 436,35.9018361149035,128.925977559837,금호읍,캠핑장
키즈팜야영장(금박산관광농원),경상북도 영천시 대창면 금박로 1004,35.8743796606071,128.890426150292,대창면,캠핑장
글램코티지,경상북도 영천시 임고면 포은로 175-32,35.9941667818211,128.963040957409,임고면,캠핑장
별무리,경상북도 영천시 화북면 별빛로 534,36.1272043702546,128.985664528888,화북면,캠핑장
휘명빌리지,경상북도 영천시 신녕면 신화로 120,36.0459750239407,128.800724617338,신녕면,캠핑장
캠프공존,경상북도 영천시 금호읍 가라골1길 90,35.9209655313392,128.861025869434,금호읍,캠핑장
자호천생태학교,경상북도 영천시 자양면 신방로 626,36.066614034215,129.073592284771,자양면,캠핑장
이유캠핑,경상북도 영천시 자양면 별빛로 829,36.1404956380852,129.010510005447,자양면,캠핑장
드림랜드오토캠핑장,경상북도 영천시 고경면 고도길 38,35.9843920980737,129.001516527091,고경면,캠핑장
치산관광지 캠핑장,경상북도 영천시 신녕면 치산관광길 263,36.0491430346908,128.712808386993,신녕면,캠핑장
늘푸른체험학교,경상북도 영천시 대창면 영지길 100,35.8582118337882,128.919793703627,대창면,캠핑장
영천시공예촌캠핑체험장,경상북도 영천시 자양면 포은로 1625-11 ,36.079487328904,129.017889513346,자양면,캠핑장
은해로운 캠핑장,경상북도 영천시 청통면 대동로 423,35.9907756345061,128.800309911306,청통면,캠핑장
별빛야영장,경상북도 영천시 화북면 별빛로 681-32,36.140254867493,128.996473636029,화북면,캠핑장
채송화글램핑,경상북도 영천시 화북면 천문로 2118,36.1006798419867,128.911819936859,화북면,캠핑장
농업회사법인 주식회사 아우노펠리스,경상북도 영천시 상신기길 150,36.00350293729,128.956447233555,,캠핑장
별밤캠프,경상북도 영천시 화북면 천문로 2149-127,36.1113909054167,128.905507839116,화북면,캠핑장
거동사,경상북도 영천시 자양면 사곡길 77-81(자양면),36.15028704,129.0267561,자양면,사찰
거조사,경상북도 영천시 청통면 거조길 400-67,36.0203294,128.7648349,청통면,사찰
만불사(영천),경상북도 영천시 북안면 고지리 857-5,35.91030283,129.0329207,북안면,사찰
묘각사(영천),경상북도 영천시 자양면 용화길 499,36.11518096,129.0088094,자양면,사찰
봉림사(영천),경상북도 영천시 화북면 천문로 2149-368,36.12617697,128.8978888,화북면,사찰
부귀사(영천),경상북도 영천시 신녕면 칠발골길 446,36.02565658,128.7479089,신녕면,사찰
수도사(영천),경상북도 영천시 신녕면 치산관광길 404 수도사,36.03962708,128.7179625,신녕면,사찰
신녕포교당,경상북도 영천시 신녕면 동산길 11,36.04094682,128.7900248,신녕면,사찰
영지사,경상북도 영천시 대창면 영지길 47길(대창면),35.84436094,128.9512883,대창면,사찰
영천신흥사,경상북도 영천시 금호읍 금호로 360-29(금호읍),35.93729979,128.8986443,금호읍,사찰
영천포교당,경상북도 영천시 서문길 69,35.96600457,128.9260941,,사찰
은해사(영천),경상북도 영천시 청통면 금송로 1038,35.99646983,128.8204084,청통면,사찰
죽림사(영천),경상북도 영천시 금호읍 죽방길 279-57,35.94570813,128.916925,금호읍,사찰
한광사,경상북도 영천시 신녕면 권응수길 126,36.08420378,128.7666311,신녕면,사찰
깊은 울림 황성옛터 공연티켓오픈,시민회관 스타홀,,,,행사/축제
새마을지도자 한마음 전진대회,영천체육관,,,,행사/축제
제16회 경상북도지사기 공무원 탁구 대회 개최,생활체육관,,,,행사/축제
제16회 경상북도지사기 공무원 탁구 대회 개최,영천실내체육관,,,,행사/축제
제3회영천시장기바둑대회,영천문화원 2층(대강당),,,,행사/축제
제11회영천시장기야구대회,영천야구장,,,,행사/축제
영천관광전국사진공모전,최무선과학관,,,,행사/축제
책 먹는 여우 공연,시립도서관 지산홀,,,,행사/축제
노인회부설 노인교실 특강,영천시종합복지센터 1층 강당,,,,행사/축제
찾아가는 음악회,야사종합복지관 내 경로당(1층),,,,행사/축제
찾아가는 음악회,야사종합복지관 내 경로당(2층),,,,행사/축제
찾아가는 음악회,야사종합복지관 내 경로당(3층),,,,행사/축제
줌마들의 브런치,시민회관 스타홀,,,,행사/축제
초람 서예학회전,예술창작스튜디오 1전시실,,,,행사/축제
초람 서예학회전,예술창작스튜디오 2전시실,,,,행사/축제
11월시민행복아카데미,교육문화센터 우석홀,,,,행사/축제
영동고미술동문작품전,시민회관 로비,,,,행사/축제
2018년 영천시 보육인의 밤,교육문화센터 우석홀,,,,행사/축제
깊은 울림 황성옛터,시민회관 스타홀,,,,행사/축제
크리스마스트리 문화축제 점등식,영천시민회관 및 광장,,,,행사/축제
노년기 치매 예방 특강,영천시종합복지센터 1층 강당,,,,행사/축제
노인(지도자)대학 졸업식,교육문화센터 우석홀,,,,행사/축제
예술창작 제10기 릴레이전 Part4,영천예술창작스튜디오,,,,행사/축제
이름나는 새 명소 표지판 만들기 품앗이 프로그램,목재문화체험장,,,,행사/축제
고3 청소년 꿈 토크 콘서트,시민회관 스타홀,,,,행사/축제
(사)영천아리랑연구보존회 노인복지센터 공연,예쁜재가노인복지센터,,,,행사/축제
중소기업융합영천교류회 회장 이. 취임식 및 송년의밤,스타컨벤션웨딩 2층 스타홀,,,,행사/축제
영천 전통시장 시티투어,영천공설시장 및 주요 관광지,,,,행사/축제
최무선과학관 12월 과학체험 프로그램 과학아!놀자! 운영,최무선과학관 창의과학체험실,,,,행사/축제
악극 공연,시민회관 스타홀,,,,행사/축제
제18회 경상북도 교육감기 초등학교 수영대회 개최,영천실내수영장,,,,행사/축제
CJ헬로비전 방송모금 캠페인,시민회관 전정,,,,행사/축제
2019년 장애인일자리사업,장애인복지담당,,,,행사/축제
2018 전국 영어한마당축제,영천시 교육문화센터,,,,행사/축제
아름어린이집 어린이 재롱발표,청소년극장,,,,행사/축제
영천경마공원』설계 반영 아이디어 공모 기간 연장 안내,경마공원추진담당,,,,행사/축제
2018년 장애인종합복지관 자원봉사자후원자감사의 날 행사,장애인종합복지관 3층 강당,,,,행사/축제
2018년 장애인종합복지관 자원봉사자후원자감사의 날 행사,장애인종합복지관 4층 강당,,,,행사/축제
인재양성원생 선발 접수,인재양성담당,,,,행사/축제
시민강연-병와 이형상의 삶과 작품,임고서원충효문화수련원(포은연수관),,,,행사/축제
임고서원 충효문화수련원경북선비아카데미 과정 수료식,포은연수관 대강당,,,,행사/축제
명사초청특강 및 문화가족 한마당,시민회관,,,,행사/축제
불우이웃과 함께하는 자선콘서트,교육문화센터 우석홀,,,,행사/축제
동서청춘대학 한마음 발표회,영천시 교육문회회관 우석홀,,,,행사/축제
크리스마스 콘서트(도서관),도서관 지산홀,,,,행사/축제
다문화가족 희망이들과 함께하는 크리스마스 행사,영천별빛영화관,,,,행사/축제
남북이 함께 열어가는 통일한마당,스타컨벤션 3층,,,,행사/축제
남북이 함께 열어가는 통일한마당,스타컨벤션 4층,,,,행사/축제
남북이 함께 열어가는 통일한마당,스타컨벤션 5층,,,,행사/축제
제로페이 서포터즈 찾아가는교육,영천공설시장 청년회사무실(2층),,,,행사/축제
맞춤형 취업능력향상 교육프로그램 실시,영천지역자활센터 1층 교육장,,,,행사/축제
가정용 가스보일러 합동 안전점검 실시,소회의실,,,,행사/축제
농촌지도자회 정기총회,농업기술센터 생활과학관,,,,행사/축제
시민회관 시민문화교실 개강(민요반),시민회관(리허설실),,,,행사/축제
도서관에서 하룻밤,시립도서관,,,,행사/축제
겨울방학 영화상영,시립도서관 내,,,,행사/축제
시민,시민회관,,,,행사/축제
청소년 어울림 마당,시민회관,,,,행사/축제
M댄스 아카데미,시민회관,,,,행사/축제
여성 신년 인사회 개최,스타컨벤션웨딩 지하,,,,행사/축제
자원봉사센터 정기총회 및 이사회,다나눔센터1층 회의실(영천고2길 57),,,,행사/축제
명작동화 클래식 음악회,시민회관 스타홀,,,,행사/축제
영천아리랑 연구보존회 경로당 순회공연,화남노인복지센터,,,,행사/축제
영천아리랑 연구보존회 경로당 순회공연,금호읍 양남리 경로당,,,금호읍,행사/축제
영천아리랑 연구보존회 경로당 순회공연,구암리 경로당,,,,행사/축제
장애인인식개선 교육 및 후원회 발대식,스타컨벤션웨딩 3층,,,,행사/축제
재향군인회 정기총회,향군회관 대회의실(지하),,,,행사/축제
영화상영 <보스베이비>,지산홀,,,,행사/축제
농업기술자협회 교육 및 총회,농업인회관 2층 교육장,,,,행사/축제
2019 나눔의 파발마 발대식,대회의실(시청별관 3층),,,,행사/축제
시니어클럽 영천로타리클럽간MOU,시청 영상회의실,,,,행사/축제
영천관광 사진공모전 입상작품 전시,영천역 대합실,,,,행사/축제
2019년 초등 학생 해외 어학연수 수료식,시립도서관 지산홀,,,,행사/축제
2019년 중학생 해외 어학연수 수료식,시립도서관 지산홀,,,,행사/축제
2019 영천시체육회 이사회,대회의실(시청별관 3층),,,,행사/축제
영천농부장터2019설맞이 이벤트 행사,영천휴게소(상행선) 영천농부장터,,,,행사/축제
「PMC:더벙커」영화상영,시민회관 스타홀,,,,행사/축제
우리음식연구회 연시총회,농업인회관 2층 세미나실,,,,행사/축제
주·정차 문자 알림서비스 실시,고정형 CCTV 단속지역,,,,행사/축제
한국자유총연맹 여성회 후원 윷놀이 대회,영천시장애인종합복지관 3층 대강당,,,,행사/축제
「아쿠아맨」영화상영,시민회관 스타홀,,,,행사/축제
자치경찰제 정책토론회,상공회의소,,,,행사/축제
영천시니어클럽 개소식,영천시니어클럽,,,,행사/축제
농민회 영천시연합회 연시총회 및 이·취임식,농업기술센터 3층 생활과학관,,,,행사/축제
화산면 부계리 마을회관 준공식,화산면 부계리 206,,,화산면,행사/축제
6.25참전유공자회 정기총회,SD컨벤션웨딩홀 2층,,,,행사/축제
아이돌보미 양성과정교육 운영,교육문화센터 강의실,,,,행사/축제
이만희 국회의원 의정보고회,시민회관 스타홀,,,,행사/축제
다문화가족 한국어교육 및 방문교육 오리엔테이션,다문화센터 강의실,,,,행사/축제
영천시친환경농업인연합회 총회,영천시 농업기술센터 3층 생활과학관,,,,행사/축제
영천스타라이온스클럽 무료급식 지원,영천시장애인종합복지관 1층 식당,,,,행사/축제
영천인재양성원 2019년 개강식,영천시립도서관 1층 지산홀,,,,행사/축제
시문학 특강 개최,교육문화센터 회의실,,,,행사/축제
영농 4-H회 정기총회 및 회장 이취임식,와인학교 2층,,,,행사/축제
월남참전유공자회 정기총회,스타컨벤션웨딩 3층,,,,행사/축제
박약회 영천지회 총회,영천향교 국학학원,,,,행사/축제
고품질 마늘재배기술 컨설팅 교육,금호농협 청통지점 회의실,,,,행사/축제
2019년 자연유산 민속행사,화북면 자천리 오리장림,,,화북면,행사/축제
새영천 알림이단 발대식,시청 영상회의실,,,,행사/축제
제51차 영천문화원 정기총회,영천문화원 대강당,,,,행사/축제
포은선생숭모사업회 정기총회 개최,임고서원 포은연수관 대강당,,,,행사/축제
제100주년 3·1절 기념행사,시민회관,,,,행사/축제
『영천의 독립운동사 100주년 기념 특별기획 전시』,시민회관 1층,,,,행사/축제
『영천의 독립운동사 100주년 기념 특별기획 전시』,시민회관 2층,,,,행사/축제
아트앤하트 행복전,영천예술창작스튜디오 1 전시실,,,,행사/축제
아트앤하트 행복전,영천예술창작스튜디오 2 전시실,,,,행사/축제
청소년방과후아카데미 개소,청소년문화의집 2층,,,,행사/축제
영천시 행정동우회 2019년 정기총회,영천시보건소 대강당(건강교육관 3층),,,,행사/축제
영천시장애인회관 준공식,천문로 210-7 (구 남부동주민센터),,,남부동,행사/축제
영천시자연보호협의회 3월 정례회,다나눔센터 2층 자연보호 사무실,,,,행사/축제
영천시지역사회보장 협의체 정기 총회,시청 대회의실,,,,행사/축제
노인대학 입학식,교육문화센터 우석홀,,,,행사/축제
말모이 영화상영,시민회관 스타홀,,,,행사/축제
제19회 클럽대항 볼링대회,효성볼링장,,,,행사/축제
영천향교 석전대제,영천향교 대성전,,,,행사/축제
2019년 신기술보급 시범사업 설명회,생활과학관,,,,행사/축제
영천시농업대학 포도과정 입학식,농업기술센터 3층 생활과학관,,,,행사/축제
따숨가게 현판 전달식,금호읍행정복지센터 대회의실(2층),,,금호읍,행사/축제
2019년 장학증서 전달식,시립도서관 지산홀,,,,행사/축제
2019 전국종별태권도 선수권대회,영천체육관,,,,행사/축제
장애인종합복지관 15주년 개관기념행사,장애인종합복지관 강당,,,,행사/축제
영천로타리클럽창립50주년 기념행사,시민회관 스타홀,,,,행사/축제
귀농연합회 우리고장알기 교육,은해사,,,,행사/축제
4차 산업혁명 토크콘서트,시민회관,,,,행사/축제
여성단체협의회장 이취임식 개최,영천시새마을회관 3층 대강당,,,,행사/축제
샤인머스켓 재배 교육,교육문화센터,,,,행사/축제
영천스타라이온스가 지원하는 무료급식,장애인종합복지관 1층 식당,,,,행사/축제
임고서원 춘향제,임고서원,,,,행사/축제
대한노인회 영천시지회 정기총회,시민회관,,,,행사/축제
가족봉사단 발대식,자원봉사센터 교육실,,,,행사/축제
「극한직업 」영화 상영,시민회관 스타홀,,,,행사/축제
우리마을 건강파트너(건강 파발꾼) 발대식,건강교육관,,,,행사/축제
민방위 교육 실시,청소년수련관,,,,행사/축제
경상북도 평생교육자 정기연수,시민회관 스타홀,,,,행사/축제
예술창작스튜디오 단기 입주작가 전시회,영천예술창작스튜디오 1전시실,,,,행사/축제
봄철 나무심기행사,영천시 화산면 암기리 산100번지 외 1필지,,,화산면,행사/축제
영천 별빛야시장 개장식,영천공설시장 1층 중앙통로,,,,행사/축제
경북소년체육대회(유도),영천체육관,,,,행사/축제
영천한의마을 개관,영천한의마을,,,,행사/축제
조선통신사 옛길 서울-동경 한·일 우정걷기,경복궁,,,,행사/축제
조선통신사 옛길 서울-동경 한·일 우정걷기,광화문,,,,행사/축제
조선통신사 옛길 서울-동경 한·일 우정걷기,전쟁기념관,,,,행사/축제
동화읽는어른모임 공개강좌,지산홀,,,,행사/축제
농업경영인가족 한마음대회,영천강변공원,,,,행사/축제
자활기업『유가네닭갈비』 출범식,유가네닭갈비 영천점,,,,행사/축제
시민 체육대회 대비 봄맞이 국토대청결 운동,2개 동 취약지역(동부동남부동),,,동부동남부동,행사/축제
찾아가는 음악회,영천나자렛집,,,,행사/축제
시민과 함께하는 『웃찾사 & 영천빅리그』,시민회관 스타홀,,,,행사/축제
식품접객업 기존영업주 위생교육,시민회관 스타홀,,,,행사/축제
제41회 영천시민체육대회,영천시민운동장,,,영천시민운동,행사/축제
예술창작스튜디오 제11기 입주작가 프리뷰전,영천예술창작스튜디오 1전시실,,,,행사/축제
예술창작스튜디오 제11기 입주작가 프리뷰전,영천예술창작스튜디오 2전시실,,,,행사/축제
시민회관 영화상영,시민회관 스타홀,,,,행사/축제
민물낚시대회,영천 탑못(금호읍),,,금호읍,행사/축제
벚꽃100리길마라톤대회,영천댐 일원,,,,행사/축제
복사꽃 전국사진 촬영대회,대창면 일원(개회식:(구)영창중학교),,,대창면,행사/축제
야외 벚꽃음악회,영천댐 하류공원 폭포앞 특설무대,,,,행사/축제
2019년 민방위 대장교육,시민회관,,,,행사/축제
우리가 스타-G 영천시편 예선 심사,영천시종합복지센터 1층 강당,,,,행사/축제
제39회 영천시 장애인의 날 기념식 및 체육대회 개최,영천강변공원(분수대 옆 무대),,,,행사/축제
V.O.S 퇴근하고 여기 어때,시민회관 스타홀,,,,행사/축제
2019 최무선과학꿈잔치 개최 및 최무선영상체험관 개관,최무선과학관 일원,,,,행사/축제
청소년 동아리 발대식,청소년문화의 집(2층),,,,행사/축제
최무선장군 추모제,최무선과학관,,,,행사/축제
지구의 날 기념 소등 행사,영천시청(본관/별관),,,,행사/축제
지구의 날 기념 소등 행사,16개 읍면동,,,읍면동,행사/축제
장애인종합복지관 신나는 예술여행,영천시장애인종합복지관 강당,,,,행사/축제
"제15회 찾아가는 역사박물관 『창의정용군, 조선을 구하다』",동국대학교 경주캠퍼스 박물관,,,,행사/축제
우리가 스타-G 녹화경연,영천시민회관,,,,행사/축제
2019년 포도분야 해외 전문가 초청 교육,농업기술센터 강당,,,,행사/축제
"“행복영천 시민, 천원의 행복”",시민회관 스타홀,,,,행사/축제
제11회 영천시장기 족구대회,영천 강변체육공원 축구장,,,,행사/축제
2019년 경력단절예방을 위한 취업특강,교육문화센터 회의실,,,,행사/축제
사랑의 무료급식,영천역,,,,행사/축제
2019년 영천시민대학 수료식 및 특강,교육문화센터 회의실,,,,행사/축제
도시재생뉴딜 영천공설시장 상인대학 교육,완산동 청년회 사무실(영천공설시장 2층 주차장),,,완산동,행사/축제
영천불교연합회 부처님 오신날 봉축법요식,영천강변공원,,,,행사/축제
「어린이 캣츠 2탄」 어린이날 특별기획공연,시민회관 스타홀,,,,행사/축제
귀농귀촌학교(전원생활체험학교) 2기 교육 개강,보현자연수련원,,,,행사/축제
제97회 어린이날 큰잔치,영천강변공원 분수광장,,,,행사/축제
임란의병 한천승첩 기념 추모행사,백의사(영천시 화남면 삼창리),,,화남면,행사/축제
강성태의 “미쳐야 공부다”,교육문화센터 우석홀,,,,행사/축제
「2019 DAC 소장 작품 순회전 - 사람풍경展」 개최,영천예술창작스튜디오 1전시실,,,,행사/축제
「2019 DAC 소장 작품 순회전 - 사람풍경展」 개최,영천예술창작스튜디오 2전시실,,,,행사/축제
제3회 영천시장기 배드민턴 대회,영천생활체육관 외 1개소,,,,행사/축제
"귀농귀촌인 포도,복숭아 교육",농업기술센터 강당,,,,행사/축제
부처님 오신날 봉축법요식,은해사 및 관내 사찰,,,,행사/축제
대한노인회 영천시지회 부설 노인대학 특강,영천시 종합사회복지센터 1층 강당,,,,행사/축제
영천시 취업지원센터 외부 강사 초청 취업특강,영천제일직업전문학교,,,,행사/축제
시각장애인협회 이용자 간담회 및 인식개선교육,스타컨벤션웨딩 1층,,,,행사/축제
제2회 작약꽃전람회 및 꽃체험 행사,신녕면 왕산리 495번지,,,신녕면,행사/축제
별빛나이트투어 행사,한의마을,,,,행사/축제
별빛나이트투어 행사,보현산 천문과학관 등,,,,행사/축제
산골마을 작은 음악회,채약서당(대창면 용전리),,,대창면,행사/축제
「오월愛 어울림콘서트」,시민회관 스타홀,,,,행사/축제
3사관학교와 영천시민이 함께하는 한마음 콘서트,강변공원 야외공연장,,,,행사/축제
영천관광 전국사진공모전 입상작 전시,국립영천호국원 내,,,,행사/축제
어린이 안전인형극 및 안전퀴즈 교육,시립도서관 지산홀,,,,행사/축제
호국나이트투어(1회) 실시,3사관학교 일원,,,,행사/축제
영천 채용한마당 개최,영천상공회의소,,,,행사/축제
영천향교 기로연,영천향교 명륜당,,,,행사/축제
공공형어린이집 오픈데이,영천문화원,,,,행사/축제
공공형어린이집 오픈데이,음악분수대,,,,행사/축제
제1회 시장배 전국댄스스포츠 대회,영천체육관,,,,행사/축제
골프협회장배 골프대회,영천 오펠골프클럽,,,,행사/축제
"농민회, 풍년농사 기원제 및 손모심기 시연",고경면 용전리 1378-2번지,,,고경면,행사/축제
척수장애인협회 개소식 및 재활증진 대회,영천시장애인회관 2층(척수사무실),,,,행사/축제
2019 나도 작가전 이동 전시회,영천 별빛야시장(영천공설시장 중앙통로),,,,행사/축제
동화 속 주인공이,중앙초등학교 대강당,,,,행사/축제
최태자 도자기 개인展,영천예술창작스튜디오 1전시실,,,,행사/축제
최태자 도자기 개인展,영천예술창작스튜디오 2전시실,,,,행사/축제
아(이와)나(무와)아(빠와),목재문화체험장,,,,행사/축제
별빛어린이 바둑대회,영천체육관,,,,행사/축제
‘사뿐사뿐 나비처럼’개강식,시민회관 리허설실,,,,행사/축제
와인학교 소믈리에 양성과정 교육,농업기술센터 와인학교 2층,,,,행사/축제
여성새로일하기센터 기업체 워크숍 개최,교육문화센터 회의실,,,,행사/축제
제64회 현충일 추념행사,충혼탑(교촌동),,,교촌동,행사/축제
영천시협회장기 탁구대회,영천생활체육관,,,,행사/축제
영천시협회장기 축구대회,강변체육공원 단포축구장,,,,행사/축제
농민수당관련 농업인단체 설명회 개최,농업기술센터 별관 2층 강당,,,,행사/축제
제14회한국사진작가협회 영천지부 회원사진전,영천예술창작스튜디오,,,,행사/축제
6.25 전사자 유해발굴 개토식,영천댐 수변테마파크,,,,행사/축제
경북중증장애인자립지원 센터협의회 종사자 체육대회,임고면 복지회관,,,임고면,행사/축제
제1회 노계문학전국백일장 개최,노계문학관 일원,,,,행사/축제
2019 영천별빛캠핑페스티벌,영천댐공원,,,,행사/축제
"산남의진 순국선열 추모식 및 백일장, 사생대회",충효재(자양면 충효2리),,,자양면,행사/축제
영천복사꽃전국사진 촬영대회 시상식,영천예술창작스튜디오,,,,행사/축제
제12회 (사)한국석조각 예술인협회 영남지회展,영천예술창작스튜디오 1전시실,,,,행사/축제
제12회 (사)한국석조각 예술인협회 영남지회展,영천예술창작스튜디오 2전시실,,,,행사/축제
시민사회교육 수료식 개최,교육문화센터 우석홀,,,,행사/축제
도지사기 게이트볼대회,영덕군 공설운동장,,,공설운동,행사/축제
2019 별빛사투리 경연대회,교육문화센터 우석홀,,,,행사/축제
파크골프대회,영천시파크골프장(조교동),,,조교동,행사/축제
한여름 밤 시민을 위한 음악회,조양각 특설무대(영천문화원 옆),,,,행사/축제
다문화가족과 더불어가는 세상,임고서원,,,,행사/축제
6.25전쟁 제69주년 행사,시민회관,,,,행사/축제
김덕순 서양화 개인展,예술창작스튜디오 1전시실,,,,행사/축제
김덕순 서양화 개인展,예술창작스튜디오 2전시실,,,,행사/축제
영천축협 조합원 한마음대회,시민회관 스타홀,,,,행사/축제
호국보훈 나라사랑 골든벨,영천전투메모리얼파크 체험권,,,,행사/축제
제1회 푸른동요대회 개최,시민회관,,,,행사/축제
3대가 함께하는 가화만사성 개최,교육문화센터 우석홀,,,,행사/축제
문화가 있는 날 - 공연산책 뮤직 나들이,오감공예체험장 전정,,,,행사/축제
민선7기 제10대 시장 취임 1주년 지역경제 활성화 현장 방문,㈜화신(언하공장),,,,행사/축제
대학생 공공기관 직무체험 사업 실시,문화재연구원,,,,행사/축제
대학생 공공기관 직무체험 사업 실시,임베디드기술연구원,,,,행사/축제
대학생 공공기관 직무체험 사업 실시,하이브리브부품연구원,,,,행사/축제
영천별빛한우 발대식,영천축협 TMF 공장 회의실(2층),,,,행사/축제
전통시장 투어,은해사,,,,행사/축제
전통시장 투어,영천공설시장,,,,행사/축제
제13회 경북지적발달장애인 복지대회 개최,교육문화센터,,,,행사/축제
The(더) 공감 인문학 7월 강좌 개강,교육문화센터 회의실,,,,행사/축제
이통장 워크숍 및 한마음 체육대회,영천체육관,,,,행사/축제
뚝딱하니 어흥!,시민회관 스타홀,,,,행사/축제
청소년지원센터 꿈드림 아웃리치 활동,영천여중 교문 앞,,,,행사/축제
(사)대한노인회 영천시지회 부설 노인대학 특강,영천시종합복지센터 1층 강당,,,,행사/축제
경북 7월의 독립운동가 이진영이원대 강연회,시립도서관 지산홀,,,,행사/축제
2019년 시민행복아카데미 7월 특강 개최,교육문화센터 우석홀,,,,행사/축제
찾아가는자원봉사교육,영천성남여자고등학교 체육관,,,,행사/축제
6대 암 건강강좌,영천시민회관,,,,행사/축제
제19회 화목한 가정만들기 실천개회 개최,교육문화회관 우석홀,,,,행사/축제
4차 산업혁명 캠퍼스 직원특강 실시,영천시립도서관 지산홀,,,,행사/축제
시니어클럽 일자리참여자 소양교육 실시,시민회관,,,,행사/축제
대한노인회 영천시지회 부설 노인대학 특강,교육문화센터,,,,행사/축제
문화특화지역 시민설명회,스타컨벤션웨딩 3층 컨벤션홀,,,,행사/축제
작가와의 만남,지산홀,,,,행사/축제
전국고등학교검도선수권대회,영천체육관,,,,행사/축제
전국고등학교검도선수권대회,생활체육관,,,,행사/축제
2019년 길 위의 인문학(2차),문화강의실,,,,행사/축제
2019년 길 위의 인문학(2차),고도리와이너리,,,,행사/축제
경북 농아인 배드민턴 동호인 대회,영천생활체육관,,,,행사/축제
2019 영천시 가족봉사단 체험활동,영화교다리밑,,,,행사/축제
2019 영천시 가족봉사단 체험활동,영천목재문화체험장,,,,행사/축제
여름방학 독서프로그램,문화강의실,,,,행사/축제
울랄라베베 3기,체험형동화구연실,,,체험형동,행사/축제
시민정보화교육 실시,시정보화교육장 등 4개소,,,,행사/축제
직장맘 자녀 안심케어 지원사업(하계),문내주공,,,,행사/축제
직장맘 자녀 안심케어 지원사업(하계),대동다숲,,,대동,행사/축제
직장맘 자녀 안심케어 지원사업(하계),미소지움1차,,,,행사/축제
영천인재양성원 명문대 학교 탐방,고려대학교,,,,행사/축제
영천인재양성원 명문대 학교 탐방,성균관대학교,,,,행사/축제
여름방학 영화상영,지산홀,,,,행사/축제
여름방학자원봉사학교,영화교다리,,,,행사/축제
2019 지역문예회관 문화가 있는날,시민회관 야외광장,,,,행사/축제
영천시 사회적 경제기업 육성 및 지원사업 설명회,교육문화센터 회의실,,,,행사/축제
친환경과원관리사업 GAP병해충예찰 컨설팅 및 교육,농업인회관 2층,,,,행사/축제
"한돈협회, 돼지고기 나눔 행사 개최",영천시청 전정,,,,행사/축제
영천별빛한우 브랜드 사업설명회 개최,농업기술센터 별관 2층 대강당,,,,행사/축제
"2nd STUDIO, 2019 영천예술창작스튜디오 특별전",시안미술관 별관,,,,행사/축제
여름방학자원봉사학교,多나눔센터 교육실,,,,행사/축제
영천로타리클럽 실버카페 기증식,영천시 무궁화길 20 2층(현대자동차 영천지점 2층),,,현대자동,행사/축제
POP 일러스트 교육,多나눔센터 교육실,,,,행사/축제
배드민턴 동호인 한마당,금호체육관,,,,행사/축제
찾아가는 미술관「경북의 맥」,"영천예술창작스튜디오 1, 2전시실",,,,행사/축제
박상민&서영은과 함께하는 시민행복콘서트,시민회관 스타홀,,,,행사/축제
식품가공기능사 전문기능 교육,농업기술센터 별관 1층 조리실,,,,행사/축제
재)영천시장학회 2019년 싱가폴&말레이시아 어학연수 수료식,시립도서관 지산홀,,,,행사/축제
디즈니 명작 음악회,시민회관 스타홀,,,,행사/축제
문화특화지역 조성 간담회,지산홀,,,,행사/축제
「기방도령」 영화상영,시민회관 스타홀,,,,행사/축제
제3회 협회장기 게이트볼 대회 개최,영천게이트볼구장,,,,행사/축제
영천와인학교 소믈리에 양성과정 교육,영천시농업기술센터 와인학교 2층,,,,행사/축제
The(더) 공감 인문학 9월 강좌 수강생 모집,교육문화센터,,,,행사/축제
임란영천성수복대첩기념 학술세미나,교육문화센터 우석홀,,,,행사/축제
<2019 지역문예회관 문화가 있는 날> “소풍”,영천성남여자고등학교,,,,행사/축제
한(寒)여름밤! 국악과 만나는 인문학,영천향교 명륜당,,,,행사/축제
신품종‘아리수’사과 현장 평가회,박정하 농장(화남면 구전로 274-9),,,화남면,행사/축제
제9회 실버가요제 및 예능경연대회,영천시민회관,,,,행사/축제
함께하는 추석명절 행福나눔행사,영천시종합복지센터 회의실(1층),,,,행사/축제
영천별빛한우 명품 구이축제 및 한우경진대회,영천 강변공원,,,,행사/축제
제20회 신녕지구전투 호국 영령 합동위령제,신녕지구 전승비,,,,행사/축제
제17회 찾아가는 역사박물관 기획전시,영천시민회관 로비,,,,행사/축제
추석맞이 영천사랑상품권 특별 할인판매,관내 농축협,,,,행사/축제
추석맞이 영천사랑상품권 특별 할인판매,관내대구은행,,,,행사/축제
추석맞이 영천사랑상품권 특별 할인판매,관내새마을금고,,,,행사/축제
추석맞이 영천사랑상품권 특별 할인판매,관내신협,,,,행사/축제
"<추석맞이 특별공연>해설이 있는 춤, 소리 그리고 놀자",시민회관 스타홀,,,,행사/축제
문학영천 출판기념회 및 시 낭송회,영천문화원,,,,행사/축제
영천시종합사회복지관 추석명절행사,야사주공 3단지 관리사무소 옆 공터,,,,행사/축제
DGB사회공헌재단과 함께 하는 추석맞이 무료급식,영천시장애인종합복지관,,,,행사/축제
체류형농업창업지원센터 입교 개강식,체류형농업창업지원센터 세미나실,,,,행사/축제
광대들 영화상영,시민회관 스타홀,,,,행사/축제
시민행복아카데미 9월 특강 개최,교육문화센터 우석홀,,,,행사/축제
경북 국가유공자 가족 나라사랑 한마음대회,육군3사관학교(충성관),,,,행사/축제
오색바림회 민화 정기 회원展,"예술창작스튜디오 1, 2전시실",,,,행사/축제
은해사 전국 어린이 청소년 미술대전,은해사 경내,,,,행사/축제
가족오페라 마술피리,시민회관 스타홀,,,,행사/축제
왕평가요제 예심,교육문화센터 우석홀,,,,행사/축제
지역문예회관 문화가 있는 날,북안면복지회관,,,북안면,행사/축제
여성채용미니박람회,교육문화센터 1층 우석홀 일원,,,,행사/축제
사뿐사뿐 나비처럼 발표회,시민회관 스타홀,,,,행사/축제
KBS 전국노래자랑 예심,영천시민회관,,,,행사/축제
별빛배 전국 게이트볼 대회,영천 단포축구장,,,,행사/축제
별빛찻자리 개최,영천문화원 조양각,,,,행사/축제
경북도민문화 한마당 행사,은해사 내 육화원 운동장,,,운동,행사/축제
민관군 친선축구대회,영천 단포축구장,,,,행사/축제
어린이 건강뮤지컬,시민회관 스타홀,,,,행사/축제
영천대첩 기념행사,국립영천호국원 영첩대첩비,,,,행사/축제
영천큰장 고객사은대잔치,영천공설시장 3층 주차장,,,,행사/축제
은해사 1210주년 개산대재,은해사,,,,행사/축제
국학기공 대회 개최,영천 교육문화센터 우석홀,,,,행사/축제
스타배 전국족구대회,영천시민운동장,,,영천시민운동,행사/축제
영천관광 사진 공모전 전시,은해사,,,,행사/축제
숭렬당 추향제,숭렬당,,,,행사/축제
향군의 날 기념식 및 안보결의대회,영천호국원 현충관,,,,행사/축제
향군의 날 기념식 및 안보결의대회,호국기념관,,,,행사/축제
양정자 짚풀공예 개인전,영천예술창작스튜디오1관,,,,행사/축제
양정자 짚풀공예 개인전,영천예술창작스튜디오2관,,,,행사/축제
노인의 날 행사,시민회관,,,,행사/축제
4차산업시대 왜 평생교육인가,교육문화센터 우석홀,,,,행사/축제
엑시트 영화상영,시민회관 스타홀,,,,행사/축제
영천댐 별빛 걷기대회,영천댐공원,,,,행사/축제
체류형농업창업지원센터 준공식 개최,체류형농업창업지원센터,,,,행사/축제
시장기 파크골프대회,조교동 파크골프장,,,조교동,행사/축제
어린이 교통안전 뮤지컬,시민회관 스타홀,,,,행사/축제
가을밤 시민을 위한 음악회,조양각 특설무대,,,,행사/축제
제18회 미목회 정기展,예술창작스튜디오 1전시실,,,,행사/축제
제18회 미목회 정기展,예술창작스튜디오 2전시실,,,,행사/축제
청소년상담 강연회,교육문화센터 강당,,,,행사/축제
청소년 가요댄스 경연대회,영천강변공원 분수광장,,,,행사/축제
국가유공자 나라사랑 한마음대회,시민회관,,,,행사/축제
한국농촌지도자영천시연합회 한마음대회,영천생활체육관,,,,행사/축제
영천예술창작스튜디오 제11기 입주작가 작품전시,예술창작스튜디오 1전시실,,,,행사/축제
영천예술창작스튜디오 제11기 입주작가 작품전시,예술창작스튜디오 2전시실,,,,행사/축제
경북학생체육대회(태권도),최무선관,,,,행사/축제
거조사 나한대재,거조사,,,,행사/축제
새마을 알뜰 무료 도서교환 시장,시립도서관 앞 공터,,,,행사/축제
창의정용군-이름없는 들풀이여,시민회관 스타홀,,,,행사/축제
포은선생 충효정신 선양 전국 한시백일장,임고서원 충효문화수련원,,,,행사/축제
시장기 골프대회,오펠GC,,,,행사/축제
경상북도학생체육대회,시민운동장,,,시민운동,행사/축제
영화상영(봉오동전투),시민회관,,,,행사/축제
영천사생회전,영천예술창작스튜디오 1전시실,,,,행사/축제
영천사생회전,영천예술창작스튜디오 2전시실,,,,행사/축제
시장기 게이트볼대회,영천게이트볼장,,,,행사/축제
어린이집 부모교육 실시,교육문화센터 우석홀,,,,행사/축제
시장기 그라운드골프대회,단포축구장,,,,행사/축제
영천아리랑전국경창대회,시민회관,,,,행사/축제
보훈가족 어울림마당,시민회관,,,,행사/축제
아이와 함께 자라는 부모,교육문화센터 우석홀,,,,행사/축제
영천시민 가을음악회,영천시민회관,,,,행사/축제
입주작가 릴레이전 part2,영천예술창작스튜디오 1전시실,,,,행사/축제
입주작가 릴레이전 part2,영천예술창작스튜디오 2전시실,,,,행사/축제
사랑 나눔 바자회,장애인종합복지관,,,,행사/축제
영화상영(나쁜녀석들),시민회관,,,,행사/축제
영천시장기 탁구대회,영천체육관,,,,행사/축제
영천시장기 탁구대회,생활체육관,,,,행사/축제
백신애문학제,교육문화센터,,,,행사/축제
6.25전사자 합동영결식,영천호국원 현충관,,,,행사/축제
신녕면 행복학습센터 종강식,신녕면 복지회관,,,신녕면,행사/축제
백신애 적빈(赤貧) 연극,영천시민회관 스타홀,,,,행사/축제
우리농업살리기 후원주점 행사,SD웨딩컨벤션 2층 연회장,,,,행사/축제
애니메이션 음악 콘서트,영천시립도서관 지산홀,,,,행사/축제
다둥이가족 사랑 축제,영천시민회관,,,,행사/축제
전몰 학도의용군 추념식,국립영천호국원,,,,행사/축제
포은서예휘호대회,임고복지회관,,,,행사/축제
경북유림총화대회 및 인성교육평가회,시민회관,,,,행사/축제
영천예술창작스튜디오 제11기 입주작가 릴레이전(part3)&오픈스튜디오,영천예술창작스튜디오 1전시실,,,,행사/축제
영천예술창작스튜디오 제11기 입주작가 릴레이전(part3)&오픈스튜디오,영천예술창작스튜디오 2전시실,,,,행사/축제
스타배 배드민턴 대회,영천체육관,,,,행사/축제
스타배 배드민턴 대회,생활체육관,,,,행사/축제
스타배 배드민턴 대회,금호체육관,,,,행사/축제
한방김장김치 담그기 행사,농업기술센터 구내식당,,,,행사/축제
최무선과학관 학부모 과학교실 특강,최무선과학관 창의과학체험실,,,,행사/축제
경북 동호인 화합 축구대회,단포축구장,,,,행사/축제
영화상영(가장보통의연애),시민회관,,,,행사/축제
문화가 있는 날-우리춤이야기,대창면 문화센터,,,대창면,행사/축제
별빛유아숲체험원 개원식,영천시 망정동 산14-5번지,,,망정동,행사/축제
새마을 사랑의 김장 담가주기 행사,영천시새마을회관 앞 마당,,,,행사/축제
귀농인 한마음대회,영천체육관,,,,행사/축제
매직 버블쇼 도서관에서 즐겨요!,영천시립도서관 지산홀,,,,행사/축제
영천대마기 전국종합마술 축제,운주산승마조련센터,,,,행사/축제
크리스마스트리문화축제 점등식,시민회관 일대,,,,행사/축제
영천YMCA 2019 사랑의 김장나누기,영천시종합복지센터 지하 1층,,,,행사/축제
축산연합회 한마음단합대회,생활체육관,,,,행사/축제
학교폭력예방 뮤지컬,시민회관 스타홀,,,,행사/축제
예술창작스튜디오 제11기 입주작가 릴레이전(part4)&오픈스튜디오,영천예술창작스튜디오 1전시실,,,,행사/축제
예술창작스튜디오 제11기 입주작가 릴레이전(part4)&오픈스튜디오,영천예술창작스튜디오 2전시실,,,,행사/축제
고3 청소년 꿈 토크 콘서트,시민회관,,,,행사/축제
자원봉사자 대회 및 기념식,영천체육관,,,,행사/축제
시민과 함께하는 2019 아트 페스티벌,영천시민회관 스타홀,,,,행사/축제
경북 협회장기 태권도대회,영천체육관,,,,행사/축제
시민정보화교육 동계특강,IT플라자,,,,행사/축제
시민정보화교육 동계특강,금호읍 정보화교육장,,,금호읍,행사/축제
찾아가는 역사박물관 경북순회전시,의성고등학교 체육관,,,,행사/축제
영천시농민회 한마음대회 행사,임고면 복지회관,,,임고면,행사/축제
생명살림운동 실천 재활용품 수집 경진대회,영천강변공원 주차장,,,,행사/축제
시각장애인연합회 후원인 송년의 날 행사,스타컨벤션웨딩 2층,,,,행사/축제
시민사회교육 수료식 및 어울림한마당,교육문화센터 우석홀,,,,행사/축제
하이테크파크지구 개발사업 사업착수식,영천시 녹전동 양호길 55 일원,,,녹전동,행사/축제
채약문묵회 제20회 전시회,영천예술창작스튜디오 1전시실,,,,행사/축제
채약문묵회 제20회 전시회,영천예술창작스튜디오 2전시실,,,,행사/축제
유리바다 합창단 정기연주회,시민회관,,,,행사/축제
결혼이민여성 한국어 교육 수료식,건강가정다문화가족지원센터,,,,행사/축제
송년단합 및 안보결의대회,영천한정식,,,,행사/축제
영천별빛한우 브랜드 교육,센터 강당,,,,행사/축제
나는 밴드다 공연,교육문화센터 우석홀,,,,행사/축제
별빛회 15주년 기념행사,SD웨딩컨벤션,,,,행사/축제
명사초청특강 및 문화가족한마당,영천시민회관,,,,행사/축제
(사)한국미술협회 영천지부 회원전,영천시민회관,,,,행사/축제
(사)한국척수장애인 송년의날,장애인회관 2층,,,,행사/축제
재대구영천향우회 정기총회 및 회장 이취임식,호텔인터불고,,,,행사/축제
바르게살기운동영천시협의회 선진시민의식함양 실천결의대회,임고서원 충효문화수련원,,,,행사/축제
지역사회보장협의체 워크숍,영천상공회의소 컨퍼런스 홀,,,,행사/축제
영천향교 국학학원 학예발표회,영천향교 국학학원 3층 대강당,,,,행사/축제
김은정피아노 연주회,교육문화센터 우석홀,,,,행사/축제
영화상영(82년생 김지영),시민회관 스타홀,,,,행사/축제
영천별빛한우 경과보고 및 홍보 시식행사,영천축협 한우프라자,,,,행사/축제
자연보호 산불 조심 캠페인 추진,관내 산지 및 등산로 일대,,,,행사/축제
시민과 함께하는 송년음악회,영천시민회관 스타홀,,,,행사/축제
컴퓨터 동계 특강,아이존IT플라자,,,,행사/축제
컴퓨터 동계 특강,금호읍 정보화교육장,,,금호읍,행사/축제
컴퓨터 동계 특강,시정보화교육장,,,,행사/축제
2020 영천문화원 신년교례회,영천문화원 2층 대강당,,,,행사/축제
2020 새해농업인실용교육(포도),고경면복지회관,,,고경면,행사/축제
2020 새해농업인실용교육(복숭아),농업기술센터 강당,,,,행사/축제
영천와인학교 소믈리에 자격검정 필기시험,농업기술센터 와인학교 2층 강의실,,,,행사/축제
독서문화 프로그램,영천시립도서관,,,,행사/축제
1월 안전점검의 날 캠페인 실시,(구)망정사거리,,,,행사/축제
영천와인학교 소믈리에 양성과정 교육,영천시농업기술센터 와인학교 2층 강의실,,,,행사/축제
2020 새해농업인실용교육(복숭아),금호읍회의실,,,금호읍,행사/축제
2020 새해농업인실용교육(포도),북안면복지회관,,,북안면,행사/축제
시민사회교육 수강생 모집,교육문화센터,,,,행사/축제
시민문화교실 민요반 개강식,시민회관,,,,행사/축제
새해농업인실용교육(포도),금호농협APC 회의실,,,,행사/축제
무용학원 정기발표회,시민회관 스타홀,,,,행사/축제
새해농업인실용교육(포도),화남면다목적회관,,,화남면,행사/축제
새해농업인실용교육(복숭아),화산면복지회관,,,화산면,행사/축제
초등학생 리더십 강의,교육문화센터 회의실,,,,행사/축제
여성 신년인사회 개최,스타컨벤션웨딩,,,,행사/축제
태권도 관장 직무교육,시민회관 스타홀,,,,행사/축제
아이돌보미 양성과정 교육,교육문화센터 강의실,,,,행사/축제
직장맘 자녀 안심케어 사업 운영,교육문화센터,,,,행사/축제
여성기업인 간담회,든담(화남면 신선로 113),,,화남면,행사/축제
안전점검의 날 캠페인 실시,서문육거리,,,,행사/축제
자원봉사단체 간담회,다나눔센터 1층 교육실,,,,행사/축제
영천축협 정기총회,영천축협 본점 회의실 3층,,,,행사/축제
영천시 산림조합 제59기 정기총회,영천시 산림조합 3층 회의실,,,,행사/축제
건강체중 만들기 프로그램(1기) 참가자 모집,영천시 보건소 3층,,,,행사/축제
지적장애인 정기총회,금노동 장애인회관 식당,,,금노동,행사/축제
관광사진공모전 입상작품 전시,최무선과학관,,,,행사/축제
오리장림 자연유산 민속행사,오리장림,,,,행사/축제
무료급식 실시,영천시장애인종합복지관 식당,,,,행사/축제
6.25참전유공자회 정기총회,영천한정식,,,,행사/축제
2020년도 농정시책설명회,금호읍 행정복지센터,,,금호읍,행사/축제
제1회 영천한약축제,(구)공병대,,,,행사/축제
제1회 영천한약축제,도동생약유통단지,,,도동,행사/축제
제2회 영천한약축제,(구)공병대,,,,행사/축제
제3회 영천한약축제,(구)공병대,,,,행사/축제
제4회 영천한약축제,완산동 약초거리 일원,,,완산동,행사/축제
제5회 영천한약축제,완산동 약초거리 일원,,,완산동,행사/축제
제5회 영천한약축제,도동한약유통단지,,,도동,행사/축제
제6회 영천한약축제,금호강 둔치,,,,행사/축제
제7회 영천한약축제,시청앞 금호강 둔치,,,,행사/축제
제8회 영천한약장수축제,완산동 영천역전,,,완산동,행사/축제
제9회 영천한약장수축제,영천역광장,,,,행사/축제
제9회 영천한약장수축제,약령시장,,,,행사/축제
제9회 영천한약장수축제,도동한약유통단지,,,도동,행사/축제
영천과일한약장수축제,영천금호강 강변공원,,,,행사/축제
영천과일한약장수축제,약전거리,,,,행사/축제
영천과일한약장수축제,한약유통단지,,,,행사/축제
영천한약과일축제,영천강변공원,,,,행사/축제
영천한약축제,약전거리,,,,행사/축제
영천한약축제,한약유통단지,,,,행사/축제
제1회 2004 보현산 별빛문화축제,보현 자연수련원,,,,행사/축제
제1회 2004 보현산 별빛문화축제,별빛마을,,,,행사/축제
제2회 2005 보현산 별빛문화축제,별빛마을,,,,행사/축제
제2회 2005 보현산 별빛문화축제,녹색농촌체험마을,,,,행사/축제
제3회 2006 보현산 별빛축제,보현산자락,,,,행사/축제
제4회 2007 보현산 별빛축제,검단마을,,,,행사/축제
제5회 2008 영천 보현산 별빛축제,검단마을,,,,행사/축제
제5회 2008 영천 보현산 별빛축제,별빛마을,,,,행사/축제
제6회 2009 영천 보현산 별빛축제,보현산천문과학관(정각리 별빛마을),,,,행사/축제
제6회 2009 영천 보현산 별빛축제,보현산천문대,,,,행사/축제
제6회 2009 영천 보현산 별빛축제,보현리 은하수마을,,,,행사/축제
제7회 2010 영천 보현산 별빛축제,보현산천문과학관(별빛마을),,,,행사/축제
제7회 2010 영천 보현산 별빛축제,자양면 보현리 은하수마을,,,자양면,행사/축제
제8회 2011 영천 보현산 별빛축제,보현산자락,,,,행사/축제
제9회 2012 영천 보현산 별빛축제,보현산자락,,,,행사/축제
제10회 2013 영천 보현산 별빛축제,보현산자락,,,,행사/축제
제11회 2014 영천 보현산 별빛축제,보현산천문과학관 일원,,,,행사/축제
제12회 2015 영천 보현산 별빛축제,보현산자락,,,,행사/축제
제13회 2016 영천 보현산 별빛축제,보현산천문과학관 일원,,,,행사/축제
제14회 2017 영천 보현산 별빛축제,보현산자락,,,,행사/축제
제15회 2018 영천 보현산 별빛축제,보현산천문과학관 일원,,,,행사/축제
제16회 2019 영천 보현산 별빛축제,보현산천문과학관 일원,,,,행사/축제
